8020,Fri Nov 25 03:13:15 CST 2016,0.4461684524
23224,Thu Jun 11 15:09:17 CDT 2009,0.8152987196
9578,Mon Mar 21 01:02:29 CDT 2016,0.7725656647
42783,Thu Oct 08 09:29:26 CDT 2009,0.5700015299
147021,Sat Feb 26 15:59:24 CST 2011,0.2429603444
179,Thu Jun 25 16:21:19 CDT 2015,0.5143834593000001
25173,Mon Sep 30 08:47:47 CDT 2013,0.3207277925
12489,Sun Jun 14 01:08:18 CDT 2015,0.6326006962
10528,Wed Jun 29 08:30:07 CDT 2016,0.4933575059
1931,Sat Oct 02 13:36:44 CDT 2010,0.3690847906
28076,Fri Sep 12 11:17:45 CDT 2014,0.24956575960000002
472,Mon Dec 05 03:22:36 CST 2016,0.5481788531
4875,Thu Jul 21 05:11:27 CDT 2016,0.2504399531
2670,Fri Mar 20 06:20:58 CDT 2015,0.469123677
2961,Thu Oct 13 04:19:01 CDT 2016,0.0590737765
10209,Fri Jul 29 06:12:48 CDT 2016,0.5700728639
109126,Wed May 22 11:57:22 CDT 2013,0.3050765476
40502,Sun Mar 07 18:04:05 CST 2010,0.0971527736
5008,Fri Dec 12 04:08:51 CST 2014,0.2077734722
137,Sun Oct 09 01:23:04 CDT 2016,0.8106252086
7263,Fri Sep 09 04:53:34 CDT 2016,0.2909338292
14011,Sun Jun 16 03:24:49 CDT 2013,0.0460459691
15732,Wed Nov 30 23:54:21 CST 2016,0.2553391988
54971,Fri Apr 05 20:42:14 CDT 2013,0.600481327
27234,Wed Aug 29 03:02:37 CDT 2012,0.3897972074
8404,Wed Dec 12 14:53:59 CST 2012,0.2821088712
706,Fri Nov 07 08:14:51 CST 2014,0.4759678685
16698,Tue Jul 29 10:34:03 CDT 2014,0.1341766971
17628,Sun Jan 03 11:58:53 CST 2010,0.6228428203
2905,Thu Nov 28 19:50:59 CST 2013,0.8758244389000001
6470,Tue Oct 01 08:51:52 CDT 2013,0.6408724897
18278,Fri Jul 27 18:24:36 CDT 2012,0.4660217587
15262,Fri Nov 08 08:18:45 CST 2013,0.65516357
222129,Fri Apr 24 19:46:41 CDT 2015,0.0868768939
2262,Tue Nov 05 09:59:15 CST 2013,0.7300571911
29593,Fri Sep 14 19:18:12 CDT 2012,0.5437785196
869,Fri Jun 17 19:38:42 CDT 2016,0.3703580563
64270,Thu Dec 23 05:16:48 CST 2010,0.5582182234
18631,Fri Mar 11 21:50:52 CST 2011,0.1584915017
8035,Tue May 06 17:03:14 CDT 2014,0.7052359727
255,Mon Jun 20 15:53:06 CDT 2016,0.8118146832
270,Mon Mar 23 15:09:34 CDT 2015,0.2732477122
254,Fri Jul 22 02:22:40 CDT 2016,0.45217615250000004
1422,Mon Jul 25 04:38:57 CDT 2016,0.6733799702000001
22367,Mon Aug 15 07:51:47 CDT 2016,0.6471822154
36008,Wed Oct 14 02:59:31 CDT 2015,0.8236942642
3318,Mon Jun 27 02:52:01 CDT 2011,0.48530862760000004
14463,Mon Aug 02 18:44:36 CDT 2010,0.0772194616
31270,Sat May 05 12:04:45 CDT 2012,0.8780932507
29286,Sat Feb 06 07:53:37 CST 2016,0.2221343039
24441,Thu Dec 30 07:09:52 CST 2010,0.5342810041
12452,Fri Oct 31 07:02:29 CDT 2014,0.4648972281
3122,Thu Jan 16 17:11:11 CST 2014,0.9348222242
3308,Thu May 08 01:12:29 CDT 2014,0.5259481146
6622,Tue Aug 16 01:44:56 CDT 2016,0.6954357864
69839,Tue Mar 12 01:46:34 CDT 2013,0.7855504326
6303,Mon Jul 29 18:06:40 CDT 2013,0.1822835166
149200,Sat Aug 20 19:50:36 CDT 2016,0.6127648821
783,Wed Nov 02 13:38:35 CDT 2016,0.43112381650000003
2678,Fri Sep 09 01:25:21 CDT 2016,0.8861261409000001
1367,Wed Sep 07 03:37:48 CDT 2016,0.8553565239
5,Wed Dec 07 01:10:55 CST 2016,0.8196929337000001
40116,Sat Jan 04 16:54:46 CST 2014,0.40659481350000004
4808,Fri Aug 15 21:19:56 CDT 2014,0.9899113845
99109,Mon Jan 04 16:26:23 CST 2010,0.2561648314
92,Sun Apr 04 06:44:08 CDT 2010,0.2268381915
8000,Tue Jun 21 02:01:22 CDT 2011,0.6562227737
2618,Mon Oct 05 10:40:38 CDT 2009,0.5
17694,Sat Jul 23 12:32:36 CDT 2016,0.2315328225
63,Sun Aug 28 05:49:22 CDT 2016,0.1521268966
2798,Fri Sep 05 12:17:28 CDT 2014,0.5682598368
283,Thu Dec 01 03:13:41 CST 2016,0.2542075867
11819,Tue Jun 21 06:28:12 CDT 2011,0.8883840311000001
99089,Tue Mar 24 19:26:49 CDT 2009,0.1326729238
7731,Sat Oct 08 21:46:39 CDT 2011,0.28226766540000003
36807,Sun May 18 00:01:47 CDT 2014,0.7941172854
42829,Mon Jun 18 10:26:08 CDT 2012,0.4963040757
72,Wed Mar 18 05:52:15 CDT 2015,0.5645895862
43,Fri Nov 04 11:26:05 CDT 2016,0.7235148182000001
4087,Sun Jan 17 07:17:58 CST 2016,0.262381517
759,Sat Jun 21 21:28:00 CDT 2014,0.9941177974000001
23732,Sun Mar 01 22:41:31 CST 2015,0.4334365003
332077,Thu Apr 26 14:03:26 CDT 2012,0.724113058
778,Wed Oct 12 00:10:53 CDT 2016,0.5282613325000001
110,Wed Nov 23 04:50:00 CST 2016,0.28788080850000003
621,Sat Aug 20 10:24:22 CDT 2016,0.9228473712
12418,Mon Apr 04 06:24:34 CDT 2016,0.7467342333
9252,Sat Feb 02 10:14:11 CST 2013,0.1971283459
34706,Thu Aug 13 11:14:57 CDT 2015,0.632739774
56738,Tue Jan 13 10:33:18 CST 2015,0.7895697735
48552,Sat Jan 07 10:59:41 CST 2012,0.851234936
3103,Wed Jul 27 15:13:40 CDT 2011,0.6465113452
18076,Thu Feb 27 11:07:08 CST 2014,0.1688651774
48,Wed Nov 23 17:40:37 CST 2016,0.9394321848
22714,Tue Nov 26 07:35:58 CST 2013,0.670950677
15887,Sun May 03 12:12:09 CDT 2015,0.3242784537
18170,Wed Aug 20 08:25:52 CDT 2014,0.1154375219
32395,Tue Oct 19 04:23:02 CDT 2010,0.8868191307000001
130142,Wed Dec 21 03:52:37 CST 2011,0.42097950770000003
20033,Tue Nov 10 08:00:43 CST 2015,0.19118889690000002
14144,Thu May 05 06:45:36 CDT 2016,0.10884829060000001
7714,Mon Aug 15 20:50:52 CDT 2016,0.8502359097000001
18574,Thu Sep 24 00:57:25 CDT 2015,0.0099938172
20020,Thu Dec 24 23:00:26 CST 2015,0.8120901524
8096,Thu Jun 25 04:54:07 CDT 2015,0.18545561230000002
9747,Sun Mar 29 02:42:20 CDT 2015,0.7454746779
3344,Sun Jan 05 17:09:17 CST 2014,0.7248517583
1621,Sun Jul 19 20:34:05 CDT 2009,0.3290111126
10468,Mon Jan 24 01:20:20 CST 2011,0.40004789430000004
384,Mon May 26 16:43:48 CDT 2014,0.6853730702
4335,Thu Jan 24 14:37:11 CST 2013,0.056643958800000005
21607,Thu Dec 06 17:03:22 CST 2012,0.2315328225
12477,Thu Nov 15 03:38:40 CST 2012,0.9807686352
3934,Mon Feb 08 10:08:50 CST 2016,0.7547824792000001
11076,Sat Mar 10 07:11:29 CST 2012,0.10847037570000001
17634,Thu May 19 02:09:41 CDT 2011,0.49842840800000004
2149,Mon Aug 23 05:50:00 CDT 2010,0.1265980788
1730,Wed Aug 10 05:46:00 CDT 2016,0.6853783313
37064,Sun May 01 03:53:56 CDT 2011,0.36715280770000003
17955,Sun Jul 24 21:15:09 CDT 2016,0.1566024668
32377,Wed Jan 16 10:27:29 CST 2013,0.7018394182000001
16,Tue Nov 15 14:21:15 CST 2016,0.5616502313
15573,Thu Jul 19 06:50:38 CDT 2012,0.5619492711
7230,Wed Oct 21 18:53:58 CDT 2015,0.6810996127000001
715,Fri Oct 17 09:15:40 CDT 2014,0.2335725075
129808,Mon Dec 19 13:56:00 CST 2011,0.25084244640000003
27782,Mon Jul 01 06:15:02 CDT 2013,0.3961544569
26884,Sun Apr 27 22:19:13 CDT 2014,0.434065784
1648,Sat Nov 22 17:53:00 CST 2014,0.4049615844
53899,Sat Jul 02 11:56:13 CDT 2016,0.7032372725
8341,Fri Mar 27 11:20:16 CDT 2015,0.6560368862
29344,Sat May 17 05:54:43 CDT 2014,0.3289076413
1191,Tue Sep 13 03:19:25 CDT 2016,0.8513488552
11850,Mon Mar 18 04:53:50 CDT 2013,0.31851499640000003
9928,Sat Nov 02 13:51:07 CDT 2013,0.461893139
2134,Tue Nov 01 03:45:25 CDT 2016,0.7552372683
10244,Sun Mar 01 15:56:43 CST 2015,0.4661322652
21,Sat Sep 24 08:57:35 CDT 2016,0.7690079541
759,Mon Feb 28 09:09:12 CST 2011,0.8276153885
7047,Tue Mar 11 10:07:23 CDT 2014,0.406225773
56,Fri Nov 25 16:45:44 CST 2016,0.1313048299
5415,Sun May 22 06:11:42 CDT 2016,0.9165256350000001
247,Fri Jul 08 16:09:34 CDT 2016,0.2250594387
5250,Fri Mar 27 17:57:51 CDT 2015,0.6607512052
4966,Mon Apr 18 13:07:40 CDT 2016,0.4429012855
50877,Mon Oct 10 15:32:30 CDT 2011,0.38044730460000004
3216,Mon Jun 09 14:47:50 CDT 2014,0.3240771796
3917,Thu Dec 13 14:01:08 CST 2012,0.5309114803
20542,Fri Jan 15 05:16:45 CST 2016,0.7740302294
5109,Sun Jun 05 06:04:55 CDT 2016,0.1798857613
26403,Thu May 10 23:10:45 CDT 2012,0.2323428588
546,Sun Jan 10 03:31:17 CST 2016,0.1312871519
5427,Thu Nov 29 23:16:57 CST 2012,0.9058437198
108,Wed Aug 24 08:02:24 CDT 2016,0.39097657150000004
1682,Wed Jul 08 19:31:48 CDT 2015,0.0189697196
10736,Wed May 04 13:00:24 CDT 2016,0.8067181062000001
131107,Thu Jul 21 20:00:34 CDT 2011,0.0102664473
33128,Sat Jul 30 07:50:57 CDT 2016,0.3057294712
11521,Thu Aug 11 16:57:55 CDT 2016,0.23883625790000002
1644,Sat Mar 21 23:06:44 CDT 2015,0.4100207655
3602,Sat Sep 27 07:38:42 CDT 2014,0.3962667078
16747,Sat Sep 27 20:33:15 CDT 2014,0.7854913814000001
3015,Tue Sep 27 21:38:08 CDT 2016,0.2733713589
122600,Wed Oct 13 17:06:02 CDT 2010,0.596923233
1981,Sat Nov 05 13:03:51 CDT 2016,0.6953804679000001
244060,Sat Dec 15 09:52:23 CST 2012,0.5017004514
9196,Sat Jan 30 09:37:05 CST 2016,0.8013755464000001
81275,Mon Feb 02 04:04:36 CST 2015,0.9890189318
4059,Thu Jun 14 08:11:20 CDT 2012,0.6734772986
31442,Sat Oct 18 12:58:51 CDT 2014,0.0182254143
866,Sat Jan 31 18:02:01 CST 2015,0.4541351208
10140,Thu Nov 13 08:23:09 CST 2014,0.7233318048
198,Sun Mar 27 10:22:00 CDT 2016,0.0206057798
18,Wed Aug 12 07:12:31 CDT 2015,0.42928543750000003
51013,Tue Apr 14 04:17:10 CDT 2009,0.5967095314
376,Wed Aug 31 10:05:32 CDT 2016,0.8673520508
9503,Fri Jan 23 09:26:10 CST 2015,0.6344925347
107056,Mon May 18 06:49:39 CDT 2009,0.5288877302
54252,Mon Nov 17 23:58:14 CST 2014,0.042504769000000005
1978,Fri May 02 08:40:59 CDT 2014,0.6314723601000001
254990,Thu Jul 23 22:13:48 CDT 2009,0.8887493963
4246,Sun Jul 10 04:33:48 CDT 2016,0.09410389150000001
16860,Fri Mar 04 09:34:01 CST 2016,0.7374624339
15083,Fri Dec 18 09:19:39 CST 2015,0.6804973861
9,Mon Nov 28 17:12:58 CST 2016,0.09878527170000001
6763,Mon Nov 07 03:36:08 CST 2016,0.7198747249
8029,Sat Jun 12 12:38:12 CDT 2010,0.20026993440000002
870,Sun Nov 27 09:49:24 CST 2016,0.2997346942
3425,Sat Feb 23 16:06:07 CST 2013,0.3684954137
18070,Thu Dec 13 05:04:28 CST 2012,0.6996551324
53410,Mon Aug 17 23:18:49 CDT 2009,0.6127188327
28585,Sun Oct 17 03:28:14 CDT 2010,0.0652685455
144,Fri May 02 16:57:58 CDT 2014,0.8780870455
5676,Thu Apr 21 12:53:13 CDT 2011,0.5282914473
33108,Tue Mar 25 08:13:43 CDT 2014,0.1993233314
113104,Wed Feb 11 11:46:54 CST 2015,0.264110292
231,Sat Oct 22 07:41:37 CDT 2011,0.3950884341
271236,Sun Oct 19 17:34:24 CDT 2008,0.5622936055000001
17873,Sun Nov 09 09:01:19 CST 2014,0.7084593879000001
1,Sat Nov 19 22:21:15 CST 2016,0.3924515107
5112,Thu Aug 22 03:27:30 CDT 2013,0.3084677901
47938,Wed Dec 19 02:10:52 CST 2012,0.1622683775
1938,Wed Oct 27 10:02:23 CDT 2010,0.4921922791
418,Fri Oct 21 03:04:55 CDT 2016,0.547582164
5208,Thu Jan 07 13:59:22 CST 2016,0.507942741
2788,Tue May 12 06:32:56 CDT 2009,0.09474602850000001
43301,Sat Mar 09 08:51:05 CST 2013,0.5
1492,Tue May 31 09:53:51 CDT 2016,0.7796845034000001
1701,Tue Nov 01 12:24:31 CDT 2016,0.22523386180000002
18748,Thu Jul 14 21:34:38 CDT 2011,0.626820194
66958,Mon Sep 23 09:47:30 CDT 2013,0.26604073300000003
24805,Tue Jun 14 04:09:42 CDT 2016,0.9918158751
16624,Fri Nov 09 00:58:47 CST 2012,0.23387568890000002
6054,Fri Oct 23 16:40:14 CDT 2015,0.8404880312
7637,Tue Jan 26 02:07:41 CST 2016,0.7232943001000001
4925,Sun Aug 21 07:08:26 CDT 2016,0.6267572154000001
111,Tue Aug 25 03:57:26 CDT 2015,0.6496693411000001
3057,Wed Jan 23 09:58:58 CST 2013,0.3184266313
15,Fri Jun 11 04:56:08 CDT 2010,0.9942420139
1332,Sun Jan 19 15:01:13 CST 2014,0.1994015161
5477,Sun Sep 20 10:02:50 CDT 2015,0.3931148158
688,Tue Aug 21 10:26:02 CDT 2012,0.4208967454
937,Wed Feb 03 22:04:28 CST 2016,0.39543986950000004
28390,Tue Jul 29 10:58:02 CDT 2014,0.7104378097
5688,Wed Sep 24 12:32:26 CDT 2014,0.7007731376
9499,Mon Jan 18 10:55:19 CST 2016,0.3282444934
440,Tue Dec 22 04:02:14 CST 2015,0.7566795470000001
24321,Sat Nov 07 20:03:16 CST 2009,0.1664186494
7894,Tue Dec 08 00:33:07 CST 2015,0.7535880180000001
18135,Wed Sep 07 12:11:33 CDT 2016,0.46327209890000004
1323,Mon Jun 28 06:43:03 CDT 2010,0.6337973085
619480,Thu Jul 19 18:52:09 CDT 2012,0.0775554408
40795,Thu Oct 02 11:30:38 CDT 2014,0.13091524940000002
2251,Tue Nov 15 19:04:09 CST 2016,0.32853525040000003
5279,Sat Apr 04 07:16:40 CDT 2015,0.8895059692
19844,Thu Jan 29 18:59:48 CST 2015,0.1685959424
96054,Thu Jan 01 09:07:30 CST 2015,0.5719119656
499383,Fri Aug 10 18:06:09 CDT 2012,0.46068520630000004
2254,Mon Jan 02 13:00:10 CST 2012,0.7507019548
59805,Fri Jun 26 05:13:10 CDT 2009,0.6046019067
3423,Mon Oct 24 16:16:29 CDT 2011,0.3181813882
5843,Tue Mar 31 21:52:29 CDT 2015,0.7055387125
25144,Thu Oct 14 03:22:56 CDT 2010,0.1425548235
864,Sat Jan 30 05:32:26 CST 2010,0.13600311810000001
4311,Mon Aug 15 11:53:16 CDT 2016,0.9204273352000001
2494,Sat Sep 03 06:44:39 CDT 2016,0.4103432796
7367,Tue Apr 01 10:24:49 CDT 2014,0.482082785
6008,Mon Jun 30 20:10:30 CDT 2014,0.6542873647
9368,Wed Apr 25 05:49:27 CDT 2012,0.3398015439
26798,Sun Apr 05 15:25:29 CDT 2009,0.9715295522
494,Sat Apr 13 21:47:58 CDT 2013,0.4806899799
86184,Sun Jul 01 06:44:06 CDT 2012,0.9578884295000001
192,Sun Nov 20 10:23:58 CST 2016,0.4837405073
16833,Thu Sep 06 06:15:36 CDT 2012,0.645298669
1013,Fri Sep 16 13:30:17 CDT 2016,0.6422786392000001
221,Thu Sep 15 08:49:45 CDT 2016,0.5509955971
4618,Sun Aug 21 12:22:30 CDT 2016,0.8461652221
36662,Fri Jun 26 01:57:30 CDT 2015,0.9199987829
1362,Thu Nov 17 06:56:01 CST 2016,0.74476018
5031,Mon Aug 29 23:41:05 CDT 2016,0.5598208966
90120,Thu Mar 03 06:50:19 CST 2011,0.5966320926
16860,Thu Jun 19 04:51:07 CDT 2014,0.0437745202
37420,Tue Feb 04 05:32:12 CST 2014,0.9573634162
59338,Sat Mar 28 07:47:12 CDT 2015,0.3039862213
2901,Thu Oct 06 21:53:57 CDT 2016,0.2212126885
63741,Fri Dec 27 11:34:02 CST 2013,0.6744103376
642,Mon Sep 24 15:39:36 CDT 2012,0.8986311062000001
16325,Thu Feb 26 09:01:46 CST 2009,0.5923904567
45069,Thu Jul 29 14:49:59 CDT 2010,0.6861463045
14569,Sun May 24 07:21:29 CDT 2015,0.0340356749
80,Mon Oct 31 08:42:23 CDT 2016,0.6130627089
865,Thu Jul 28 09:30:00 CDT 2011,0.9523436669
37524,Mon Mar 04 06:32:41 CST 2013,0.4629842502
31710,Wed Jun 26 11:25:17 CDT 2013,0.5759169212
314277,Wed Dec 03 15:44:06 CST 2008,0.9762562389
253,Wed Jan 13 09:49:22 CST 2016,0.5707728741
331797,Wed Oct 15 15:59:17 CDT 2014,0.4238281464
8332,Thu Feb 26 01:49:15 CST 2015,0.7450212032
11841,Mon May 02 17:12:04 CDT 2016,0.287765777
25491,Sun Jun 08 15:45:26 CDT 2014,0.4444141682
12400,Mon Mar 24 00:38:25 CDT 2014,0.5658417051
28649,Wed Nov 23 16:32:28 CST 2011,0.8466695625
17104,Fri Aug 22 02:54:02 CDT 2014,0.6073824479000001
148886,Sun Apr 11 01:38:22 CDT 2010,0.5132514941
76216,Sat Mar 01 07:37:50 CST 2014,0.8849278651
272,Wed Nov 16 03:03:30 CST 2016,0.4277761175
2201,Fri Oct 14 09:09:34 CDT 2016,0.5441553334
33546,Tue Dec 13 20:18:51 CST 2011,0.296030031
38029,Mon May 06 16:39:29 CDT 2013,0.22061993940000002
59990,Sat Apr 11 23:03:34 CDT 2015,0.0340678546
86,Mon Sep 19 10:49:11 CDT 2016,0.0958650156
41322,Wed Mar 09 02:04:01 CST 2016,0.17097633140000001
1439,Mon Jul 11 23:34:37 CDT 2016,0.5271030125
46815,Wed Nov 10 04:23:15 CST 2010,0.3016945796
26832,Tue Apr 27 09:17:39 CDT 2010,0.0388949097
18511,Fri Jun 21 10:47:40 CDT 2013,0.654340339
9981,Sun Nov 17 20:31:06 CST 2013,0.31786711900000003
1537,Mon Oct 17 06:25:33 CDT 2016,0.6589753836000001
1003,Fri May 20 00:43:00 CDT 2016,0.4231183994
5778,Thu Jul 10 05:37:35 CDT 2014,0.8135638981000001
29094,Wed May 01 01:18:38 CDT 2013,0.1385160038
17086,Tue Nov 19 07:30:05 CST 2013,0.23664035830000002
6,Wed Dec 07 01:37:33 CST 2016,0.010778077
7207,Mon Jul 05 17:12:36 CDT 2010,0.3750313515
2138,Wed Oct 05 07:57:17 CDT 2016,0.5556588655
31588,Wed Apr 03 09:37:05 CDT 2013,0.5340838545000001
25950,Sat Jun 01 10:24:34 CDT 2013,0.3413061184
62199,Thu Oct 06 11:37:29 CDT 2011,0.8247136371
3614,Sat Jan 05 21:48:08 CST 2013,0.032032195900000004
175604,Fri Jan 04 15:06:43 CST 2013,0.7753263161
1363,Sat Nov 10 08:50:57 CST 2012,0.5
32326,Thu Aug 25 04:27:16 CDT 2011,0.7218809707
69300,Thu Oct 01 14:07:30 CDT 2015,0.0774970425
28124,Wed Mar 28 23:49:34 CDT 2012,0.7662438618
348,Tue Jun 18 10:06:18 CDT 2013,0.4538120424
15069,Tue Feb 10 06:47:24 CST 2015,0.2110164256
7965,Thu Jan 31 16:58:12 CST 2013,0.977557608
19527,Sun Aug 10 23:45:22 CDT 2014,0.3340977545
3464,Mon Dec 14 08:45:29 CST 2009,0.1578314054
2444,Mon Apr 21 22:15:54 CDT 2014,0.7956728284
9732,Fri Jul 29 14:36:26 CDT 2016,0.4953671523
183,Tue Jun 21 10:04:02 CDT 2016,0.7721787919
12101,Wed Jul 30 03:08:02 CDT 2014,0.4491651145
14164,Thu Jul 21 20:43:30 CDT 2016,0.2315328225
69488,Wed Jul 01 06:16:08 CDT 2009,0.11840456220000001
6442,Sat Sep 20 08:04:34 CDT 2014,0.3654194316
3806,Fri Sep 13 09:37:59 CDT 2013,0.5528225051
1260,Sat Jul 04 01:20:18 CDT 2015,0.4241496879
11531,Thu Aug 11 20:30:23 CDT 2016,0.5211658969
1776,Tue Sep 24 08:44:41 CDT 2013,0.5444577309
2360,Sat Nov 19 06:43:51 CST 2016,0.7107832525000001
19,Sat Jun 08 23:46:50 CDT 2013,0.9499190648
149,Sun Dec 04 06:56:05 CST 2016,0.2625743903
4502,Sun Oct 02 11:23:13 CDT 2016,0.0222958307
8185,Wed Nov 18 18:57:05 CST 2015,0.4416504873
3262,Sun Feb 22 07:50:09 CST 2009,0.8548402489
5309,Fri Jun 10 09:32:44 CDT 2016,0.9111795947
114,Mon Oct 17 15:47:05 CDT 2016,0.7235148182000001
9838,Fri Dec 18 23:15:19 CST 2015,0.11268658690000001
27301,Mon Aug 04 09:26:34 CDT 2014,0.4442949164
7807,Sat Aug 30 04:38:08 CDT 2014,0.4015937417
611,Tue May 03 23:29:26 CDT 2016,0.7060214948
68,Tue Dec 06 11:58:01 CST 2016,0.6483142791000001
75392,Wed Feb 29 05:51:15 CST 2012,0.5757719676
30489,Sat May 29 21:10:20 CDT 2010,0.8738163689
37482,Thu Jul 11 18:17:31 CDT 2013,0.6240098138
4516,Wed Aug 20 05:23:41 CDT 2014,0.8360950962
52984,Wed Jul 22 16:13:53 CDT 2009,0.4197972132
8352,Fri Oct 02 11:29:27 CDT 2009,0.2502868293
5841,Sat Feb 27 00:25:01 CST 2016,0.1761727552
143364,Wed May 04 20:21:26 CDT 2011,0.9663917489
9062,Mon Feb 13 11:20:33 CST 2012,0.3279098687
7821,Tue Sep 11 02:17:16 CDT 2012,0.6060112215
31087,Sat Mar 08 10:11:18 CST 2014,0.3329912608
77369,Mon Apr 09 16:51:59 CDT 2012,0.9314856976
15495,Wed Jan 15 09:27:22 CST 2014,0.0848341032
2841,Tue Feb 15 13:22:41 CST 2011,0.6466585253
54,Mon Feb 22 05:16:08 CST 2016,0.6272695353000001
19344,Thu Jan 17 09:54:54 CST 2008,0.8007348184
7630,Mon Jun 17 21:58:32 CDT 2013,0.9926050691
2,Tue Dec 06 14:50:52 CST 2016,0.3863294383
149239,Wed Oct 07 06:26:06 CDT 2015,0.49632274200000004
5501,Tue May 19 01:39:33 CDT 2015,0.605347139
11150,Thu Feb 12 06:45:16 CST 2015,0.1326060707
548,Wed Feb 03 08:18:06 CST 2016,0.8251998491
14402,Sat Jun 25 20:21:13 CDT 2016,0.6248561992
54193,Mon Apr 01 12:20:44 CDT 2013,0.5047445517
112,Tue May 12 16:39:01 CDT 2015,0.9980334983
85389,Thu Aug 11 21:14:56 CDT 2011,0.059640277400000004
256813,Sat Jun 11 04:39:56 CDT 2011,0.1226268129
24155,Thu Aug 18 08:37:13 CDT 2016,0.46327209890000004
63718,Fri Sep 30 05:38:48 CDT 2011,0.7089535953
6134,Thu Mar 31 12:12:32 CDT 2016,0.7859309749000001
27108,Fri Nov 09 04:52:02 CST 2012,0.7439494818
156138,Mon Mar 10 06:50:11 CDT 2014,0.830953178
18249,Sun May 04 10:03:34 CDT 2014,0.2662987959
1018,Sun Sep 18 07:33:32 CDT 2016,0.6937676432000001
352,Tue Dec 06 03:50:27 CST 2016,0.1528158836
20404,Sat Jan 17 02:07:43 CST 2009,0.9756294392
188851,Tue May 15 22:42:31 CDT 2012,0.9832944124
316547,Sun Jul 22 00:02:02 CDT 2012,0.7045098317
3072,Fri Apr 15 23:33:37 CDT 2016,0.7453648851
8153,Mon Sep 19 21:25:44 CDT 2016,0.7924509584
6,Mon Oct 24 14:56:28 CDT 2016,0.565649052
3998,Wed Nov 19 20:34:01 CST 2014,0.7642171001
17535,Fri Jun 01 11:22:15 CDT 2012,0.0966139753
38,Wed Jul 25 23:50:54 CDT 2012,0.283892372
150117,Wed May 18 20:13:22 CDT 2011,0.8176729628
31273,Thu Jan 24 03:47:33 CST 2013,0.9012304710000001
2184,Sat Feb 13 13:06:09 CST 2016,0.038092226
11160,Sat Apr 28 08:07:27 CDT 2012,0.8380194621
62284,Fri Dec 04 03:09:06 CST 2009,0.0685170289
1274306,Sat Sep 15 11:15:20 CDT 2012,0.2938490589
11981,Mon Feb 14 14:18:32 CST 2011,0.3468228901
2532,Fri Nov 09 12:48:12 CST 2012,0.6795562305
201127,Sun Jul 29 07:39:45 CDT 2012,0.0726914332
76284,Thu Jun 27 04:15:13 CDT 2013,0.5952819216
28198,Mon Mar 10 17:27:02 CDT 2014,0.1324993646
6266,Sun Nov 27 01:32:09 CST 2016,0.1656602091
44185,Sat May 23 08:54:47 CDT 2015,0.7148675746
72,Sun Jun 19 08:56:09 CDT 2016,0.8489029225
51528,Sun Apr 10 13:18:32 CDT 2011,0.674244559
40676,Sun Jun 07 01:53:06 CDT 2015,0.3839220316
15821,Sun Aug 08 20:33:55 CDT 2010,0.9960658392
350,Wed Jul 27 01:33:53 CDT 2016,0.3409475135
2298,Wed Feb 10 08:13:51 CST 2016,0.1339822736
21642,Sat Jan 28 14:38:16 CST 2012,0.1047220287
9142,Fri Dec 18 01:27:23 CST 2015,0.1731041612
2181,Sat Apr 06 20:28:18 CDT 2013,0.2792764324
4624,Thu Apr 25 04:36:48 CDT 2013,0.9746267138
8479,Fri Oct 21 14:35:19 CDT 2011,0.906753895
761,Sun Sep 11 09:10:20 CDT 2016,0.5899308345000001
116,Sat Jul 23 13:35:42 CDT 2016,0.9457687869
26394,Tue Nov 16 07:26:34 CST 2010,0.30419313270000004
798,Mon Mar 28 10:51:47 CDT 2016,0.7980576918000001
8791,Fri Mar 06 08:03:52 CST 2009,0.373294705
67593,Sat Oct 01 06:04:42 CDT 2011,0.5177133497
17263,Tue May 08 10:15:14 CDT 2012,0.35452938
1978,Sun Jul 13 14:38:59 CDT 2014,0.5782300770000001
4052,Tue Feb 09 02:38:33 CST 2010,0.3853941491
45988,Fri Jan 08 06:15:22 CST 2016,0.2315328225
36014,Sat Sep 03 17:26:22 CDT 2011,0.4460399309
11,Tue Jul 05 01:46:56 CDT 2016,0.8364253359
56083,Sat Jan 23 09:28:47 CST 2010,0.013772723700000001
18267,Wed Dec 16 16:51:27 CST 2009,0.6018244637
173793,Wed Jul 13 09:27:17 CDT 2016,0.6256624350000001
15802,Tue Aug 02 12:45:53 CDT 2011,0.397762492
21516,Sat Jan 22 21:27:58 CST 2011,0.9316532359
24062,Thu Sep 12 23:39:32 CDT 2013,0.0017210822000000001
204820,Wed Feb 27 08:54:07 CST 2013,0.4003952448
140,Mon Aug 15 00:33:30 CDT 2016,0.5760688368
4957,Wed Sep 02 16:42:12 CDT 2015,0.519673982
63,Fri Dec 02 19:21:29 CST 2016,0.8156441405
21935,Sun Mar 27 12:22:15 CDT 2011,0.6448094286
8457,Tue Jun 07 15:51:46 CDT 2011,0.44266287470000004
581610,Tue Oct 05 09:38:58 CDT 2010,0.7574036965000001
7764,Sat Jul 02 14:43:49 CDT 2016,0.1498825943
16400,Fri May 01 19:16:20 CDT 2009,0.0085892928
8120,Wed May 07 00:57:45 CDT 2014,0.6104162378
8309,Tue Sep 20 08:10:59 CDT 2016,0.3835636119
27239,Wed Dec 30 07:45:24 CST 2009,0.035293306600000005
1875,Thu Dec 31 21:11:57 CST 2009,0.5
2933,Sat Aug 15 02:21:15 CDT 2015,0.7679291185
1719,Mon Mar 07 03:53:10 CST 2016,0.17301381130000001
15270,Sat Jun 06 02:54:44 CDT 2009,0.10455124560000001
35826,Wed Mar 06 16:42:20 CST 2013,0.3174844321
281383,Sun Jun 17 22:03:50 CDT 2012,0.6608954538
4660,Fri Mar 18 02:00:10 CDT 2011,0.5619350671000001
12857,Tue May 05 01:36:29 CDT 2009,0.22387530590000002
165198,Mon Jul 15 07:24:55 CDT 2013,0.2853385713
5270,Mon Jan 30 13:28:25 CST 2012,0.9853262557
19907,Thu Jun 19 10:44:16 CDT 2014,0.7889800392
7189,Tue Feb 02 02:50:51 CST 2016,0.8032785471
68002,Sat Jul 17 11:02:30 CDT 2010,0.2370840143
4001,Mon Aug 20 02:51:48 CDT 2012,0.0664970269
33433,Fri Oct 28 01:34:18 CDT 2011,0.9680347887
7895,Sat Jul 11 16:46:42 CDT 2015,0.7562970737
1302,Wed May 18 08:43:03 CDT 2016,0.3722920548
1069,Thu Jul 16 09:58:43 CDT 2015,0.3722920548
1108,Sat Jul 11 05:29:05 CDT 2015,0.3722920548
2267,Thu Jul 16 10:06:03 CDT 2015,0.3722920548
18434,Thu Oct 24 22:04:16 CDT 2013,0.3079621739
1052,Thu Jul 16 10:28:46 CDT 2015,0.3722920548
37111,Mon Mar 30 10:52:00 CDT 2015,0.6161480268
1041,Tue Jun 14 22:02:35 CDT 2016,0.3722920548
4361,Tue Aug 28 14:25:51 CDT 2012,0.8405532539
1215,Fri Jun 19 02:06:05 CDT 2015,0.3722920548
63146,Tue Jan 03 23:00:08 CST 2012,0.9871004232
997,Thu Jul 07 07:19:16 CDT 2016,0.3722920548
1198,Tue May 31 21:08:13 CDT 2016,0.3722920548
9028,Sun Oct 28 13:33:38 CDT 2007,0.3699344712
939,Mon Nov 18 02:00:31 CST 2013,0.1902198369
529,Sun May 03 07:19:00 CDT 2015,0.3722920548
1340,Thu Jul 16 09:22:04 CDT 2015,0.3722920548
1018,Sun Oct 04 06:18:25 CDT 2015,0.3722920548
850,Thu Jul 14 02:50:47 CDT 2016,0.3722920548
2156,Sun Oct 04 05:59:08 CDT 2015,0.3722920548
38747,Sat Aug 20 09:57:41 CDT 2016,0.7065929162
5146,Fri Jan 30 03:07:38 CST 2015,0.0622862937
56930,Wed Sep 21 00:02:54 CDT 2016,0.5645165790000001
1135,Thu Jun 25 06:02:29 CDT 2015,0.3722920548
84263,Thu Feb 27 20:18:21 CST 2014,0.2199176689
747,Sat Jun 20 00:56:42 CDT 2015,0.525775337
2573,Sat Mar 07 22:33:05 CST 2015,0.5471542323
1911,Fri May 06 02:25:13 CDT 2016,0.3722920548
2802,Tue Jul 14 02:00:22 CDT 2015,0.3722920548
1181,Mon May 09 12:02:38 CDT 2016,0.3722920548
49320,Wed Nov 10 08:31:00 CST 2010,0.0704508056
929,Thu Jun 25 06:18:39 CDT 2015,0.3722920548
1040,Sun Jun 05 01:03:52 CDT 2016,0.3722920548
1317,Thu May 19 21:46:22 CDT 2016,0.3722920548
1,Wed Dec 07 07:42:12 CST 2011,0.6809127965
2055,Sun May 22 01:27:59 CDT 2016,0.9319900605
158,Sun Apr 17 07:11:52 CDT 2016,0.6203229369000001
886,Tue Jul 14 01:49:59 CDT 2015,0.3722920548
1256,Tue May 31 21:24:59 CDT 2016,0.3722920548
3882,Thu Jul 16 10:03:16 CDT 2015,0.3722920548
24613,Tue Aug 19 06:13:57 CDT 2014,0.5466102535
115826,Tue Dec 31 20:06:47 CST 2013,0.4433856142
1367,Tue Jul 14 02:28:12 CDT 2015,0.3722920548
20907,Mon Aug 02 07:29:54 CDT 2010,0.0480131129
61572,Sat Oct 03 08:39:25 CDT 2009,0.7214048218
1065,Tue Jul 14 01:53:05 CDT 2015,0.3722920548
44324,Wed Oct 23 01:05:44 CDT 2013,0.0471455912
1122,Mon Nov 17 03:41:46 CST 2014,0.2249030136
1229,Thu May 19 21:59:19 CDT 2016,0.3722920548
1358,Tue Jul 14 01:55:55 CDT 2015,0.3722920548
8988,Sun Jan 04 12:47:49 CST 2015,0.5
4679,Sat Nov 02 06:05:59 CDT 2013,0.2644635268
5731,Tue Mar 20 04:28:20 CDT 2012,0.6629431814
1212,Sat May 28 01:51:20 CDT 2016,0.4454628255
4332,Sun Nov 03 00:28:46 CDT 2013,0.0862069337
8831,Tue Apr 20 14:15:11 CDT 2010,0.8542465851000001
31882,Tue Oct 05 13:07:18 CDT 2010,0.21979203830000002
47924,Sun Sep 15 23:43:39 CDT 2013,0.6652534053
20479,Wed Sep 18 16:44:04 CDT 2013,0.757685331
68151,Fri Nov 22 13:17:38 CST 2013,0.04113175
1192,Fri Sep 09 12:40:50 CDT 2016,0.8275123293000001
2508,Sat Oct 15 14:03:15 CDT 2016,0.431569164
3309,Sat Oct 29 01:26:13 CDT 2016,0.6592004783000001
106951,Thu Jul 22 08:38:24 CDT 2010,0.2383083695
187264,Sat Jun 23 07:47:46 CDT 2012,0.8902666211
3031,Sun Apr 17 10:21:24 CDT 2016,0.9577213612000001
22221,Thu Sep 19 14:39:22 CDT 2013,0.8938679046
3880,Sat Sep 10 23:00:10 CDT 2016,0.7998216943
20950,Sun Jan 24 01:44:27 CST 2016,0.718869928
1494,Wed Feb 03 00:50:32 CST 2016,0.8631430816000001
35893,Thu Feb 02 00:18:44 CST 2012,0.9504972558
6854,Tue Nov 01 04:16:05 CDT 2016,0.6833869098
5603,Sat Aug 27 02:32:03 CDT 2016,0.1978974759
38692,Sun Jun 01 06:25:08 CDT 2014,0.7702258373
124589,Sun Sep 02 04:28:39 CDT 2012,0.7866111496
9687,Wed Jul 02 15:44:40 CDT 2014,0.6642941162
25147,Thu Jan 08 23:48:57 CST 2015,0.7628902745
28772,Thu Apr 22 09:21:48 CDT 2010,0.416501479
14387,Wed Feb 24 07:28:14 CST 2010,0.3173305678
219459,Sat May 29 10:31:00 CDT 2010,0.2503914795
43122,Wed Oct 14 10:03:45 CDT 2015,0.8081325363
1752,Wed Dec 23 02:42:34 CST 2015,0.5872755953000001
17171,Sun Jan 10 10:16:57 CST 2016,0.2315328225
559,Tue Nov 01 03:46:02 CDT 2016,0.6259106457
6869,Wed Aug 27 05:18:57 CDT 2014,0.1940798098
110968,Sat Mar 01 14:01:35 CST 2014,0.39369820910000003
1024,Sun Jun 05 00:47:46 CDT 2016,0.3722920548
317,Fri Oct 21 16:23:00 CDT 2016,0.3243591336
5814,Fri Aug 03 16:46:04 CDT 2012,0.1209092908
632,Thu Sep 22 05:11:25 CDT 2016,0.6321623443000001
5731,Tue Mar 20 04:28:20 CDT 2012,0.6629431814
24193,Wed Aug 17 06:17:49 CDT 2016,0.2315328225
8958,Mon Jan 06 21:52:14 CST 2014,0.9113113268
649,Thu Aug 29 03:32:49 CDT 2013,0.521930479
46836,Sun Apr 19 09:20:12 CDT 2015,0.5232184852
8869,Mon Sep 19 23:38:27 CDT 2016,0.46553986140000003
9796,Tue Sep 06 11:45:03 CDT 2016,0.6984975182000001
167544,Tue Apr 14 21:08:28 CDT 2009,0.3868444532
207156,Thu Nov 05 03:57:13 CST 2015,0.3702129464
165,Sat Nov 26 00:08:40 CST 2016,0.2233157685
292,Tue Sep 20 01:20:56 CDT 2016,0.1821594366
3908,Fri May 06 18:28:42 CDT 2016,0.1740471898
1318,Fri Nov 18 13:16:04 CST 2016,0.7854971455
60833,Sun Jan 09 06:36:46 CST 2011,0.7574666302
3161,Wed Jun 03 05:32:34 CDT 2015,0.3517422364
1676,Mon Apr 05 01:09:45 CDT 2010,0.9871641943
470,Sun Aug 14 09:44:19 CDT 2011,0.8702970237000001
50633,Sun Dec 11 08:37:15 CST 2011,0.2408610774
5276,Wed Jul 02 07:54:56 CDT 2014,0.48731580300000005
3863,Tue Dec 29 07:25:31 CST 2015,0.07331988510000001
1794,Sat Jul 20 04:42:18 CDT 2013,0.5436333685
5270,Mon Jul 04 08:42:56 CDT 2016,0.2488500089
27718,Sat Aug 11 19:52:18 CDT 2012,0.7862008751
13500,Sun Dec 28 23:27:33 CST 2014,0.9880384572
64701,Tue Mar 17 00:25:49 CDT 2015,0.97927138
1458,Tue Mar 03 20:58:29 CST 2015,0.4518088355
361568,Thu May 09 07:31:20 CDT 2013,0.4752478818
9655,Mon Aug 01 06:51:28 CDT 2016,0.6165537674
1942,Fri Mar 13 07:33:28 CDT 2015,0.3664302801
19872,Fri Jun 08 11:16:14 CDT 2012,0.5078090230000001
7846,Mon Jul 11 06:19:50 CDT 2016,0.0646619088
1244,Sun Jan 31 05:30:25 CST 2010,0.13782910780000002
3230,Tue May 26 15:17:59 CDT 2015,0.8589954307000001
271,Sat Nov 19 16:59:01 CST 2016,0.5011735334
59782,Mon Jun 16 08:52:17 CDT 2014,0.5935465715
3120,Sun Sep 18 10:28:20 CDT 2016,0.5115189776
6945,Mon Aug 04 22:36:50 CDT 2014,0.9043711568
5120,Tue Dec 10 08:56:28 CST 2013,0.5821764933
71830,Tue Dec 03 23:35:48 CST 2013,0.6937425143
539,Sun Dec 04 00:12:25 CST 2016,0.5115189776
327,Sat Dec 03 18:45:24 CST 2016,0.5115189776
2924,Sun May 31 06:55:40 CDT 2015,0.5310919954000001
98963,Fri Dec 23 06:47:27 CST 2011,0.6447880103
4932,Fri Dec 11 10:30:11 CST 2015,0.5081854313
31062,Sun Aug 02 16:28:49 CDT 2015,0.4795085758
139659,Thu Sep 08 14:29:50 CDT 2011,0.42385535560000004
15143,Thu Dec 03 05:00:53 CST 2009,0.7114159734000001
4061,Mon Jun 29 17:44:43 CDT 2009,0.7009466271
73,Wed Nov 02 08:08:14 CDT 2016,0.7235148182000001
2624,Tue Aug 24 09:45:11 CDT 2010,0.1953391145
4531,Mon Aug 18 07:35:34 CDT 2014,0.5466255745
2292,Mon May 20 15:57:03 CDT 2013,0.11465572630000001
2543,Mon Oct 05 08:20:35 CDT 2015,0.2572447547
104110,Wed Jan 06 20:29:02 CST 2010,0.5826700880000001
46,Thu Sep 15 03:04:03 CDT 2016,0.49921988710000004
7769,Mon Jun 24 20:22:17 CDT 2013,0.6751790686
3401,Sun Apr 10 10:34:55 CDT 2016,0.048030673
31301,Fri Jan 31 01:17:56 CST 2014,0.2727875489
266,Tue Dec 22 21:16:05 CST 2015,0.9144509364000001
139,Mon Dec 05 05:41:58 CST 2016,0.6950798343
22846,Tue May 20 17:45:54 CDT 2014,0.18198761100000002
115926,Mon Dec 02 13:17:15 CST 2013,0.5305265393
6080,Wed Jul 31 04:46:22 CDT 2013,0.5014798321
1029,Mon Jun 13 17:45:15 CDT 2016,0.9288126119000001
281,Thu Aug 11 11:11:13 CDT 2016,0.7781222275
79632,Tue May 05 01:16:59 CDT 2009,0.42080852020000004
2639,Sat Jan 09 23:52:01 CST 2016,0.7668528597000001
10919,Tue Aug 21 09:12:29 CDT 2012,0.6674416118000001
11321,Wed Jan 09 01:04:22 CST 2013,0.6766762217000001
232,Thu Mar 18 12:02:38 CDT 2010,0.4332222631
1871,Mon Nov 07 16:14:28 CST 2016,0.6258617448
21297,Sun Mar 29 05:47:35 CDT 2015,0.33050646770000003
1661,Mon Nov 14 18:09:59 CST 2016,0.6258617448
37166,Thu Sep 12 08:32:41 CDT 2013,0.42247017600000003
701,Thu Dec 01 21:38:49 CST 2016,0.6258617448
21349,Fri Aug 07 04:40:54 CDT 2015,0.6575506050000001
2295,Sat Aug 27 19:39:13 CDT 2016,0.6815814303000001
54495,Sat May 21 04:05:39 CDT 2011,0.387468794
12846,Mon Sep 26 09:09:59 CDT 2016,0.8973904581000001
4205,Sat Aug 10 12:48:30 CDT 2013,0.0363157079
719,Thu Dec 01 20:04:55 CST 2016,0.6258617448
49257,Mon Feb 15 11:10:39 CST 2016,0.6680572011
1711,Mon Nov 14 18:57:07 CST 2016,0.6258617448
39311,Tue Feb 26 01:47:46 CST 2013,0.36106797820000003
172289,Thu Jan 14 10:14:18 CST 2016,0.7799960097
1621,Sat Oct 29 20:55:46 CDT 2016,0.8437817793
56108,Sat Oct 24 09:57:05 CDT 2009,0.41912686260000004
8298,Thu Oct 13 23:20:04 CDT 2011,0.6295408424000001
95951,Sat Jul 09 07:48:12 CDT 2016,0.5693300624000001
30674,Fri Jul 03 01:04:11 CDT 2015,0.7916162486
4834,Sat Apr 16 09:58:28 CDT 2016,0.5006788182
2595,Fri Jul 20 05:39:14 CDT 2012,0.6658737388
42886,Sun Mar 20 00:08:09 CDT 2011,0.5164861553
172488,Wed Dec 26 09:51:38 CST 2012,0.2659025346
8943,Sun Nov 16 12:57:11 CST 2014,0.0055992825
17462,Mon Feb 17 09:18:10 CST 2014,0.0081753402
3574,Fri Jan 08 00:23:52 CST 2016,0.6195806897
122840,Wed Nov 21 06:12:37 CST 2012,0.3040080301
738,Sun Jan 27 11:17:23 CST 2013,0.7761271658000001
1338,Mon Nov 21 20:38:02 CST 2016,0.6258617448
964,Mon Feb 15 06:15:25 CST 2010,0.0033755552
740,Thu Dec 01 19:06:02 CST 2016,0.6258617448
19783,Thu Jul 21 05:17:50 CDT 2011,0.6390274315000001
2357,Sun Aug 07 14:14:18 CDT 2011,0.4781251291
48,Sun Sep 22 08:42:07 CDT 2013,0.2220732068
3372,Thu Apr 30 10:19:53 CDT 2015,0.5703310268
117189,Thu Sep 20 04:00:27 CDT 2012,0.41425401370000003
204,Thu Oct 11 05:38:11 CDT 2012,0.6634273947
1521,Mon Jul 11 12:14:57 CDT 2016,0.0992981164
47,Mon Jun 27 16:17:15 CDT 2016,0.4193102923
1212,Sun Jul 10 07:45:57 CDT 2016,0.8746115908000001
82398,Tue Jun 29 06:01:23 CDT 2010,0.7876305151
8825,Fri Jan 09 14:55:58 CST 2015,0.046921578900000004
192,Fri Apr 11 10:24:27 CDT 2014,0.17311160550000002
3800,Thu Oct 20 08:54:23 CDT 2016,0.22327619510000002
1644,Tue Nov 15 00:19:08 CST 2016,0.9970129059
1453,Mon Mar 23 06:24:54 CDT 2015,0.2771321433
326,Tue Jul 22 17:38:20 CDT 2014,0.8234398404000001
32925,Sun Nov 18 08:27:20 CST 2012,0.21561818200000002
25342,Mon Apr 28 13:57:48 CDT 2014,0.20895576800000001
3885,Tue Mar 02 01:00:30 CST 2010,0.8221521095000001
39528,Thu Mar 07 02:34:14 CST 2013,0.2117447017
8987,Tue Feb 25 07:11:03 CST 2014,0.23358589170000002
3634,Sat Nov 15 10:46:02 CST 2014,0.6753860477
70723,Mon May 05 07:51:03 CDT 2014,0.31292723650000004
12875,Thu Oct 22 15:02:06 CDT 2015,0.7599265829
220,Fri Nov 25 19:52:29 CST 2016,0.7081775044
4665,Sat Jan 23 20:42:32 CST 2016,0.4602956942
56619,Wed May 21 10:48:29 CDT 2014,0.2698532736
63114,Fri Jul 27 16:31:06 CDT 2012,0.7001354301
5892,Mon Feb 15 14:19:36 CST 2016,0.22602908500000002
124004,Thu Dec 22 08:24:37 CST 2011,0.024976672000000002
4531,Sun Jun 08 04:58:16 CDT 2014,0.6075977627
41,Thu Oct 13 21:54:16 CDT 2016,0.2785395654
15742,Mon Apr 04 06:41:46 CDT 2016,0.8060080751
5372,Fri Feb 05 09:11:23 CST 2016,0.8749620519
1979,Thu Mar 19 07:56:34 CDT 2015,0.5911663453
586,Thu Aug 04 04:58:02 CDT 2016,0.29956079620000003
3189,Thu Sep 08 12:51:22 CDT 2011,0.2059975743
17118,Wed Jan 06 21:17:20 CST 2016,0.2315328225
31081,Thu Sep 13 18:00:22 CDT 2012,0.8083274365
16947,Mon Apr 13 12:36:19 CDT 2015,0.8548349446
697,Sun Apr 13 14:34:29 CDT 2014,0.6277119386000001
149,Mon Apr 20 06:43:22 CDT 2015,0.7005743938
1212,Sat May 28 01:51:20 CDT 2016,0.4454628255
78771,Fri Nov 04 01:40:25 CDT 2011,0.8818664294
4693,Mon Feb 04 06:28:23 CST 2013,0.49142149960000003
46309,Wed Jul 21 08:42:12 CDT 2010,0.32750957880000003
5833,Wed Aug 24 12:14:55 CDT 2016,0.8288472009000001
16295,Sun Nov 25 04:16:52 CST 2012,0.40724927400000005
2213,Sat Aug 27 20:23:55 CDT 2016,0.5517666865
1605,Mon Sep 09 11:11:14 CDT 2013,0.2731390879
4830,Thu Aug 11 01:08:16 CDT 2016,0.3719208574
59,Tue Oct 25 04:17:35 CDT 2016,0.5521570529000001
3580,Mon Oct 24 14:26:25 CDT 2016,0.6807663244000001
47215,Mon Sep 19 08:54:33 CDT 2011,0.9974823741000001
2,Tue Nov 29 02:49:01 CST 2016,0.6956176755
9628,Tue Aug 30 15:00:09 CDT 2016,0.7147086756000001
3095,Thu May 05 18:31:12 CDT 2016,0.8572347668
4419,Wed Jul 30 02:18:01 CDT 2014,0.1674977131
151,Wed Sep 21 22:02:54 CDT 2016,0.7865011683
49843,Sun Aug 23 02:57:37 CDT 2015,0.44120182560000004
1995,Fri Feb 27 11:54:25 CST 2015,0.717772898
1358,Tue Jul 14 01:55:55 CDT 2015,0.3722920548
168,Sun Jun 19 03:25:00 CDT 2016,0.5365032595
4621,Mon Nov 21 02:28:39 CST 2011,0.3851624099
5306,Tue Mar 29 21:22:20 CDT 2016,0.5516395122000001
783,Fri Feb 06 07:43:21 CST 2015,0.5077404125
4392,Thu Jan 13 16:16:39 CST 2011,0.7925353230000001
282,Thu Dec 01 05:12:07 CST 2016,0.5172308634
68,Tue Nov 24 13:43:38 CST 2015,0.6767866408000001
25538,Sun Jun 12 22:49:37 CDT 2016,0.0146122057
80,Tue Dec 06 13:57:43 CST 2016,0.0336549468
13285,Thu Jul 21 22:26:04 CDT 2016,0.46327209890000004
11421,Sun Feb 21 13:46:15 CST 2016,0.9850379716000001
938,Tue Aug 27 07:17:22 CDT 2013,0.3822420226
12001,Fri Jul 04 22:04:47 CDT 2014,0.8431088240000001
33060,Tue Aug 04 05:55:40 CDT 2009,0.5144996088
19215,Wed Jun 25 07:16:46 CDT 2014,0.19888470860000002
72254,Sat Aug 06 09:02:00 CDT 2011,0.0932453788
2777,Sun Oct 09 05:50:43 CDT 2016,0.2761013228
2410,Thu Dec 04 11:25:15 CST 2014,0.4534782476
7207,Sun Jun 22 09:04:24 CDT 2014,0.1286166189
2314,Wed Jan 06 23:54:01 CST 2016,0.7861929128
954,Thu Feb 04 11:37:54 CST 2016,0.36142377410000004
1793,Fri Dec 20 05:09:55 CST 2013,0.759748054
29027,Tue Aug 17 14:38:49 CDT 2010,0.5406559387000001
1177,Sat Aug 03 07:09:38 CDT 2013,0.41531863880000003
6660,Tue Feb 02 02:46:23 CST 2016,0.2729039106
72105,Sun Nov 04 11:42:59 CST 2012,0.8346972671
165,Sat Jun 20 22:14:03 CDT 2015,0.7617721703
2546,Tue Oct 11 07:40:07 CDT 2016,0.9450086467000001
98602,Wed Apr 02 08:54:37 CDT 2014,0.37076716870000004
725,Sun Jul 31 11:04:15 CDT 2016,0.3005149351
7036,Tue Mar 29 23:14:02 CDT 2016,0.3287963649
12407,Wed Sep 11 08:48:46 CDT 2013,0.31695803300000003
50556,Sun Nov 29 05:42:30 CST 2015,0.29731812280000003
25487,Sat Nov 26 17:31:26 CST 2016,0.1676810823
1529,Thu Feb 16 02:44:53 CST 2012,0.8083056534
19625,Sun Jun 02 13:08:07 CDT 2013,0.8296605846
1053,Tue Oct 04 20:25:37 CDT 2016,0.34183144130000004
9319,Wed Aug 03 17:07:00 CDT 2016,0.22726686810000002
2504,Fri Aug 19 13:54:07 CDT 2016,0.0184013505
891,Fri Sep 02 20:28:48 CDT 2016,0.32659908260000003
41835,Tue Nov 15 11:23:13 CST 2016,0.0170275712
1254193,Sat Jul 11 11:01:32 CDT 2015,0.17812432860000002
145888,Mon Oct 25 03:47:20 CDT 2010,0.9822700507000001
24953,Sun Jan 08 06:55:24 CST 2012,0.5741830946
575,Tue Nov 15 07:35:30 CST 2016,0.4535809946
2836,Wed Oct 28 21:40:56 CDT 2015,0.3815011296
60897,Tue Sep 29 11:02:57 CDT 2015,0.1708703711
782,Mon Apr 20 06:28:02 CDT 2009,0.9610458342
263,Sun Aug 21 18:49:58 CDT 2016,0.3759936796
105011,Tue Jan 13 04:13:05 CST 2015,0.710299207
1634,Tue Sep 13 16:48:08 CDT 2011,0.6622566492
2647,Wed Oct 19 06:22:37 CDT 2016,0.4242555322
1556,Wed Jun 29 07:00:39 CDT 2016,0.304305284
2720,Tue Jul 14 05:44:15 CDT 2015,0.5962619102
37,Sun Oct 23 07:45:53 CDT 2016,0.3306687681
8376,Wed Mar 07 00:44:55 CST 2012,0.2015061351
37486,Wed Jan 07 01:18:25 CST 2015,0.3930035984
73510,Tue Jul 26 18:50:34 CDT 2011,0.48201733760000004
20804,Sun Sep 19 16:54:06 CDT 2010,0.8981679177
10402,Mon Sep 02 21:47:13 CDT 2013,0.2421296675
145889,Mon Oct 25 03:47:20 CDT 2010,0.2348030647
6233,Sun Oct 02 17:28:55 CDT 2016,0.0934799266
26073,Thu Jul 12 05:10:15 CDT 2012,0.31262747360000004
41838,Tue Nov 15 11:23:13 CST 2016,0.0215069071
547870,Wed Nov 14 05:13:26 CST 2012,0.6469475541
1351,Mon Jan 16 15:48:59 CST 2012,0.6795616413000001
1477,Mon Jul 18 07:59:43 CDT 2016,0.8578504919000001
34370,Tue Jul 26 00:10:45 CDT 2016,0.9975201026
8263,Fri Jan 29 19:11:32 CST 2016,0.4103988237
52287,Tue Mar 20 05:34:08 CDT 2012,0.22326417480000002
33909,Sun Dec 11 23:55:07 CST 2011,0.5237599221
17635,Mon Feb 22 04:02:06 CST 2016,0.2277084624
13298,Sun Nov 09 11:40:54 CST 2014,0.4787467105
2203,Tue Mar 08 12:37:37 CST 2016,0.5915196597
2478,Sun May 24 16:57:03 CDT 2015,0.39690909630000004
23792,Fri Oct 30 07:16:23 CDT 2015,0.37627664920000004
916,Mon Feb 15 18:38:42 CST 2016,0.1408397292
2322,Sun Jul 29 06:58:22 CDT 2012,0.2883526909
51,Sun Oct 09 19:54:59 CDT 2016,0.1292636892
36,Tue Jul 05 04:09:17 CDT 2016,0.8028243878
42,Wed Jul 27 09:48:30 CDT 2016,0.1437430382
56828,Sun Jan 02 14:51:15 CST 2011,0.9132375132
11169,Sun Dec 30 06:24:25 CST 2012,0.6087782957
23765,Thu Nov 11 10:08:06 CST 2010,0.0713355855
11367,Mon Jun 13 22:29:46 CDT 2016,0.2480274949
25800,Sat Nov 26 01:56:40 CST 2016,0.4303790463
1403,Sun Oct 20 21:19:28 CDT 2013,0.0198716605
3576,Sat May 12 18:55:25 CDT 2012,0.6486982968
3969,Sun Mar 23 01:07:00 CDT 2014,0.056919483800000004
6310,Sun Jul 17 04:14:37 CDT 2016,0.35277647630000003
4261,Fri Dec 02 08:37:45 CST 2016,0.6151317882
174,Tue Dec 06 09:51:56 CST 2016,0.2961490764
29449,Thu Apr 04 11:13:19 CDT 2013,0.26955097370000003
2109,Fri Dec 04 19:50:19 CST 2015,0.608247015
1491660,Fri Nov 16 23:48:08 CST 2012,0.7904273809
1998,Mon Feb 09 17:04:33 CST 2015,0.5124165327
4647,Wed Jan 21 22:29:51 CST 2015,0.2393693252
74,Tue Nov 22 19:06:11 CST 2016,0.7731430195
25928,Tue Apr 30 03:08:50 CDT 2013,0.5769982305
647,Wed May 27 16:11:46 CDT 2015,0.8237438851000001
1514,Tue Sep 22 20:17:14 CDT 2015,0.8657031938
857,Sun May 29 23:49:36 CDT 2016,0.8914197122
47809,Wed Jul 13 08:10:23 CDT 2011,0.7625741047
15181,Wed Jul 24 05:25:24 CDT 2013,0.5942911122
23738,Sat Feb 16 10:01:42 CST 2013,0.1556021947
1826,Sat Mar 08 20:36:10 CST 2014,0.6749562275000001
12503,Fri Jul 22 08:54:05 CDT 2016,0.4278139214
8466,Wed Jun 08 18:32:15 CDT 2016,0.0091863013
391,Fri Jan 06 00:07:30 CST 2012,0.1125734828
80916,Tue Dec 10 21:08:45 CST 2013,0.0979070004
7348,Fri Feb 04 10:32:23 CST 2011,0.1957765772
18318,Wed May 06 23:41:43 CDT 2009,0.9386010939
218525,Mon Jun 01 01:22:07 CDT 2015,0.6463440261
313268,Sat Apr 24 10:03:09 CDT 2010,0.5815194947
15540,Thu May 29 21:51:13 CDT 2014,0.657083592
170399,Fri May 27 09:47:16 CDT 2011,0.153824181
21086,Mon Oct 15 03:08:41 CDT 2012,0.4245239988
19433,Sat Jan 16 06:07:28 CST 2016,0.41789852800000005
7115,Thu Feb 19 00:33:15 CST 2015,0.7794006384000001
3067,Sun Mar 01 05:43:20 CST 2015,0.1085830876
2145,Mon Jan 26 03:57:39 CST 2009,0.3956257714
150091,Tue Dec 22 13:47:06 CST 2015,0.9436108181
177,Sun Oct 02 08:26:52 CDT 2016,0.34327902730000004
42629,Fri Dec 30 10:42:56 CST 2011,0.2765196786
4831,Tue Aug 18 18:57:19 CDT 2015,0.6540056253000001
1839,Tue Jul 05 03:11:31 CDT 2016,0.1851462378
89732,Tue Nov 16 07:26:06 CST 2010,0.9161588352000001
10180,Sat Jan 23 05:07:30 CST 2016,0.48013268480000004
263054,Fri Jan 14 23:58:37 CST 2011,0.538617585
9400,Sat Sep 10 17:54:51 CDT 2016,0.0552181621
4402,Mon Aug 17 15:51:14 CDT 2015,0.3512086136
377676,Tue Apr 09 12:31:21 CDT 2013,0.360687527
3223,Wed Sep 07 18:30:46 CDT 2016,0.2064679403
73,Wed Aug 05 16:53:50 CDT 2015,0.1331090656
133442,Tue Dec 20 00:21:43 CST 2011,0.3246275686
963,Mon Aug 15 05:23:05 CDT 2016,0.2936872792
61331,Fri Jan 22 04:55:05 CST 2010,0.27907651170000003
2244,Sun Sep 25 07:16:02 CDT 2016,0.12448411320000001
28163,Sun Dec 30 07:49:12 CST 2012,0.8140380212
9680,Sat Aug 31 09:13:48 CDT 2013,0.112528662
84256,Sat Jul 09 02:28:02 CDT 2016,0.1385760466
862,Wed Oct 19 13:34:16 CDT 2016,0.7329802612
3412,Fri Feb 25 00:19:04 CST 2011,0.1300410743
2293,Sat Apr 25 19:02:11 CDT 2015,0.8408280405
2571,Sat Apr 09 20:22:13 CDT 2016,0.032555164000000004
4390,Sat Jan 02 04:13:01 CST 2016,0.0268545166
37086,Fri Jun 22 01:53:50 CDT 2012,0.4998349221
9760,Wed Sep 07 05:00:16 CDT 2016,0.4341577575
1259,Mon May 16 02:53:22 CDT 2016,0.47178807720000004
9742,Fri Mar 11 05:17:03 CST 2016,0.42765936590000003
91696,Tue Sep 10 00:21:50 CDT 2013,0.4961072151
579576,Sun Jan 01 11:15:48 CST 2012,0.4163104036
48641,Tue Oct 06 06:26:49 CDT 2015,0.5649535462
4868,Thu Dec 24 02:28:49 CST 2015,0.8621494443000001
1651,Sat Nov 22 17:53:00 CST 2014,0.23639099770000002
48,Sun Feb 23 09:03:36 CST 2014,0.5017434373
24548,Fri Nov 13 07:41:54 CST 2015,0.5928274055
38433,Tue May 03 11:25:22 CDT 2016,0.2364631731
22771,Fri Jan 08 11:33:07 CST 2016,0.2015888978
2768,Sun Feb 27 18:38:58 CST 2011,0.9059759535
70387,Mon Feb 15 07:13:56 CST 2010,0.2975717691
24686,Tue Jul 08 06:44:15 CDT 2014,0.3089195341
9226,Thu Oct 28 02:01:40 CDT 2010,0.14997552420000002
60516,Fri May 06 15:20:54 CDT 2011,0.35316694800000004
3,Thu Jul 24 06:48:12 CDT 2014,0.11728771510000001
105587,Fri Dec 06 08:09:19 CST 2013,0.3377510973
5680,Sun Dec 18 21:11:54 CST 2011,0.5320326712
8003,Sat Apr 04 06:04:17 CDT 2015,0.3613879421
5795,Wed Feb 24 22:15:56 CST 2016,0.5514248094
1003,Wed May 06 08:57:44 CDT 2015,0.48399231410000004
57424,Mon Aug 05 00:05:12 CDT 2013,0.8902037513000001
661,Sun Jun 14 03:01:51 CDT 2015,0.1835142656
64503,Sun Apr 27 09:03:20 CDT 2014,0.7059095492
32196,Tue May 24 13:01:39 CDT 2011,0.3529880882
16,Tue Aug 26 08:17:05 CDT 2014,0.2437245238
454783,Fri Feb 06 06:56:21 CST 2009,0.9425033827
5999,Sun Mar 27 15:26:42 CDT 2011,0.5
7333,Thu Jan 24 18:46:14 CST 2013,0.0055325324
13880,Fri Jul 22 20:47:02 CDT 2011,0.5755054905
121749,Sun Nov 27 04:25:43 CST 2011,0.8299794741000001
14477,Sun May 22 07:58:51 CDT 2016,0.1941674126
3055,Thu Jun 05 19:40:58 CDT 2014,0.4849591621
299,Thu Dec 01 18:09:15 CST 2016,0.8156441405
15890,Fri Dec 26 19:44:18 CST 2014,0.4697865536
5458,Sun Mar 06 02:58:48 CST 2016,0.7045335323
51761,Fri Apr 08 20:30:17 CDT 2016,0.0292905836
5656,Fri Jul 05 01:19:17 CDT 2013,0.1239508029
18892,Mon Nov 02 23:42:01 CST 2015,0.23999851
16783,Sat Apr 21 08:39:03 CDT 2012,0.47756759540000004
1231,Sun Sep 18 20:33:36 CDT 2016,0.16783295650000002
8559,Mon Nov 25 06:42:32 CST 2013,0.0275412168
38559,Mon Aug 29 09:55:02 CDT 2011,0.6844155709
11127,Mon Feb 16 04:44:11 CST 2015,0.2882948081
11687,Sun Aug 05 18:14:55 CDT 2012,0.1779376363
1083,Tue Nov 08 06:04:22 CST 2016,0.8391127112000001
111227,Thu Jun 24 08:55:55 CDT 2010,0.1057201152
717,Tue Jun 21 00:59:56 CDT 2016,0.653409094
47001,Sun Feb 16 23:52:48 CST 2014,0.5422825735
4889,Mon Feb 13 16:58:32 CST 2012,0.5227491868
17095,Thu Dec 13 08:12:18 CST 2012,0.577948797
49740,Tue Jun 26 11:06:37 CDT 2012,0.0449155808
14904,Thu Jul 28 07:38:02 CDT 2016,0.8798694492
110577,Fri Sep 14 22:09:59 CDT 2012,0.4739540975
10206,Fri Apr 27 22:40:16 CDT 2012,0.029746379200000003
1664,Sun Oct 14 20:00:59 CDT 2012,0.4564770866
20168,Fri Apr 03 02:51:55 CDT 2015,0.8007898722
107021,Wed Oct 07 19:56:55 CDT 2015,0.537889291
206849,Tue Sep 06 17:00:32 CDT 2016,0.0313685498
21,Sat Nov 19 12:24:19 CST 2016,0.0448387274
9274,Sat Jun 01 23:38:02 CDT 2013,0.7477246405
2834,Sat Feb 01 02:00:33 CST 2014,0.6419215318
2135,Sun Mar 22 07:26:28 CDT 2015,0.21699409500000003
32840,Mon Oct 06 03:23:00 CDT 2014,0.9521362995
5199,Tue Nov 05 08:24:31 CST 2013,0.6441909593
89,Wed Aug 17 21:42:12 CDT 2016,0.9384259944000001
3819,Mon Jan 03 16:29:03 CST 2011,0.5187786375
15343,Sun Jun 15 18:08:20 CDT 2014,0.7322958297000001
5830,Thu Feb 26 11:46:02 CST 2015,0.9003725969
267661,Tue Mar 08 14:32:35 CST 2016,0.7910760164
12981,Tue May 10 22:34:08 CDT 2011,0.5
2045,Tue May 18 13:40:16 CDT 2010,0.8159962954000001
3431,Tue Oct 26 05:31:11 CDT 2010,0.38085957930000003
4407,Sat Jul 30 00:44:13 CDT 2016,0.7258457352000001
17757,Sun Nov 03 22:43:47 CST 2013,0.6943859859
6267,Sun Nov 27 01:32:09 CST 2016,0.1995873967
27037,Wed Jun 23 19:35:47 CDT 2010,0.0716089911
122015,Wed Oct 14 08:36:48 CDT 2009,0.3715422538
2660,Thu Mar 17 04:23:19 CDT 2016,0.3876227197
176692,Mon Oct 24 21:26:31 CDT 2011,0.8667315024000001
1687,Wed Jun 08 00:28:47 CDT 2011,0.8102883182
30317,Mon Jan 05 09:46:14 CST 2015,0.5611087608
454,Tue Oct 18 07:05:35 CDT 2011,0.48607512900000005
893,Tue Aug 25 06:42:05 CDT 2015,0.5649535462
5153,Mon Oct 01 11:49:35 CDT 2012,0.09347184400000001
1057361,Thu Jul 04 17:38:02 CDT 2013,0.8827628999999999
30054,Sat Feb 11 18:52:25 CST 2012,0.6193950854
37575,Fri Feb 08 04:23:36 CST 2013,0.9324478754000001
7249,Thu Oct 13 05:31:41 CDT 2011,0.29140896310000003
35984,Sat Dec 24 17:25:58 CST 2011,0.8545152128
15076,Thu Sep 01 17:29:51 CDT 2011,0.190740401
1697,Wed Nov 23 14:15:20 CST 2016,0.7879271616
38,Tue Dec 06 13:02:40 CST 2016,0.07401154310000001
2878,Sun Jan 05 09:28:35 CST 2014,0.7785701746
23177,Sun Oct 28 20:37:56 CDT 2012,0.024099388000000003
444,Fri Aug 24 21:55:58 CDT 2012,0.2144449733
690,Fri Nov 18 12:16:23 CST 2011,0.5495873338
2566,Thu Apr 23 10:12:43 CDT 2015,0.47318368510000003
1866,Tue Sep 08 12:19:49 CDT 2015,0.1960112178
31636,Tue May 05 12:37:15 CDT 2015,0.8375379257000001
44575,Sat Feb 14 09:04:18 CST 2015,0.4977824656
7771,Wed Jan 02 12:35:54 CST 2013,0.8990399353
3903,Sat Jul 16 11:02:15 CDT 2016,0.5
1305,Tue Dec 01 10:35:03 CST 2015,0.1536126233
15156,Sat Feb 23 20:46:43 CST 2013,0.5318059901000001
568,Tue Dec 27 08:03:33 CST 2011,0.9828121567
1637,Thu Jul 07 04:00:41 CDT 2016,0.1190780829
254976,Wed Jun 29 22:11:48 CDT 2016,0.2676995669
456670,Tue Dec 31 06:43:37 CST 2013,0.7307339068
7307,Fri Jun 11 18:25:02 CDT 2010,0.23787217430000002
9257,Sun Jan 31 03:43:42 CST 2010,0.5397286044
155655,Tue Jun 21 09:18:57 CDT 2016,0.4548504282
19323,Wed Jan 22 10:03:14 CST 2014,0.6237601025
18249,Sun May 01 16:26:44 CDT 2011,0.2957721414
4,Wed Dec 07 01:51:49 CST 2016,0.5007780106
46919,Tue Jan 19 03:05:42 CST 2016,0.41049037860000004
13715,Tue Jan 11 01:29:39 CST 2011,0.9979522767000001
246,Fri Jan 02 04:59:05 CST 2015,0.8757027053
25050,Wed Apr 03 09:25:45 CDT 2013,0.1246866665
3801,Wed Sep 09 16:04:40 CDT 2015,0.6032597011
1233,Sat Sep 17 23:46:59 CDT 2016,0.3319903967
13935,Wed Apr 06 19:31:12 CDT 2016,0.6328915786
46826,Tue Apr 08 00:37:45 CDT 2014,0.5979823323
2759,Sat Nov 05 02:45:38 CDT 2016,0.291894825
97079,Tue Nov 24 08:24:46 CST 2009,0.7691749266
281031,Tue Oct 06 08:13:06 CDT 2015,0.4634163281
28337,Thu Feb 19 20:41:46 CST 2015,0.5581344887
53267,Tue May 18 14:14:36 CDT 2010,0.8727198622000001
1,Mon Jan 13 13:42:52 CST 2014,0.4702356449
2173,Sun Mar 03 06:30:13 CST 2013,0.7959416307
7617,Wed Nov 18 18:00:55 CST 2015,0.9900233268
2637,Thu Feb 04 14:51:32 CST 2016,0.2205307691
4801,Sun Oct 25 10:28:56 CDT 2015,0.29994615210000003
321226,Fri Apr 03 12:10:33 CDT 2009,0.5
121867,Mon Apr 15 14:48:57 CDT 2013,0.0854628345
6967,Mon Aug 01 06:37:32 CDT 2016,0.3494192706
20139,Mon May 10 12:11:16 CDT 2010,0.2549029027
40450,Mon Dec 14 03:32:44 CST 2015,0.7933214613
2549,Tue Mar 04 00:53:12 CST 2014,0.4692116783
1825,Mon May 12 08:03:53 CDT 2014,0.6342748185
1931,Mon Nov 26 01:22:55 CST 2012,0.024365661400000002
351,Wed Oct 26 22:05:19 CDT 2016,0.9770806141
23192,Mon Feb 20 01:11:03 CST 2012,0.4348085264
32200,Sat Feb 02 04:10:38 CST 2013,0.3066412143
5315,Fri Mar 20 07:10:08 CDT 2015,0.3812433872
16304,Wed Jan 14 11:25:44 CST 2015,0.33702737660000004
12639,Fri Feb 20 00:13:06 CST 2015,0.5859733743000001
11547,Tue Mar 31 14:29:34 CDT 2015,0.06814282320000001
17,Sat Sep 26 07:04:20 CDT 2015,0.7136257978
99541,Tue Apr 24 15:40:06 CDT 2012,0.924169118
150481,Sun Sep 13 03:34:04 CDT 2015,0.9550384151
2284,Tue Jun 16 10:05:43 CDT 2015,0.9569915640000001
31,Tue Dec 06 02:47:13 CST 2016,0.7040012843
332355,Sun May 24 05:20:56 CDT 2009,0.0675346587
28388,Sun Apr 29 03:38:30 CDT 2012,0.7749010533
4554,Thu Jun 09 09:45:11 CDT 2016,0.47617184770000004
269787,Wed May 30 19:19:48 CDT 2012,0.4377819731
28511,Tue Jul 21 15:22:40 CDT 2015,0.1217346908
24639,Mon Feb 27 13:51:59 CST 2012,0.1404976337
18,Fri Dec 02 23:32:24 CST 2016,0.745433899
10483,Sun May 08 11:07:42 CDT 2011,0.1440396247
17228,Fri Sep 19 01:13:20 CDT 2014,0.2442657027
34694,Wed Oct 05 18:11:15 CDT 2011,0.3015653169
41359,Thu Apr 02 17:38:50 CDT 2009,0.6252897292
6296,Wed Nov 16 08:52:35 CST 2016,0.7320121270000001
7869,Sat Apr 11 05:58:14 CDT 2015,0.18128245410000002
10058,Wed Dec 10 06:45:48 CST 2014,0.24686268200000003
62754,Sat Nov 27 10:50:25 CST 2010,0.1293301462
69785,Sun Mar 31 13:39:09 CDT 2013,0.1134797376
4888,Tue Feb 16 07:22:56 CST 2016,0.1568523614
548596,Tue Nov 20 15:30:33 CST 2012,0.4882455746
780,Fri Aug 19 17:07:07 CDT 2016,0.4106983307
61,Tue Nov 01 13:22:14 CDT 2016,0.47682887900000004
26534,Mon Jan 20 14:55:52 CST 2014,0.0693579321
37031,Wed May 06 18:45:45 CDT 2009,0.314949491
24599,Thu Jul 25 09:39:59 CDT 2013,0.1481975027
3974,Mon Oct 27 10:02:53 CDT 2014,0.09684585920000001
549,Wed Nov 11 16:53:16 CST 2015,0.2303402745
34062,Tue Nov 15 11:27:16 CST 2016,0.603199664
120803,Sat Oct 08 21:47:10 CDT 2016,0.0953175082
1692,Wed Sep 08 15:45:41 CDT 2010,0.28586083700000003
450912,Mon Dec 23 18:39:47 CST 2013,0.5512881236
138944,Fri Jul 25 12:18:32 CDT 2014,0.9799333029
449,Fri Nov 18 20:15:37 CST 2016,0.6101403629000001
309,Sun Apr 03 15:37:46 CDT 2016,0.4491292945
14445,Sun Jul 26 02:25:23 CDT 2015,0.3943944153
12597,Wed Aug 05 10:56:43 CDT 2015,0.6912369744
47208,Fri Sep 14 23:13:42 CDT 2012,0.1730663963
65035,Tue Dec 13 21:06:25 CST 2011,0.3538156133
84231,Sun Oct 24 01:03:19 CDT 2010,0.22171276550000002
301252,Wed Apr 02 15:26:59 CDT 2014,0.4433483427
8072,Sat May 28 15:45:44 CDT 2016,0.1672013042
34232,Sat Jul 21 09:44:19 CDT 2012,0.9310017180000001
19901,Thu Feb 27 08:24:06 CST 2014,0.5270155471
45300,Mon Aug 10 03:17:38 CDT 2015,0.15401689999999998
4784,Mon Mar 25 14:27:26 CDT 2013,0.2110593355
8382,Thu Jan 26 09:19:41 CST 2012,0.8536033550000001
7508,Mon Dec 01 03:40:51 CST 2014,0.7925006131000001
22233,Sat Oct 12 07:00:52 CDT 2013,0.7355687428000001
7925,Sat Jan 17 14:51:48 CST 2015,0.0688214037
8969,Thu Dec 17 17:39:40 CST 2015,0.8220066043
77760,Wed Jan 04 08:38:12 CST 2012,0.1717638015
19434,Thu May 26 04:05:21 CDT 2011,0.22029230800000002
6680,Wed Sep 21 22:11:42 CDT 2016,0.3552933233
49707,Tue Jan 29 12:10:08 CST 2013,0.1054442825
132797,Wed Jun 26 12:32:00 CDT 2013,0.29095127800000004
10802,Tue Jun 25 21:05:30 CDT 2013,0.5870503586
5781,Wed Jun 20 03:04:00 CDT 2012,0.2624813499
167,Sat Oct 22 10:30:14 CDT 2016,0.063430043
79619,Sun Feb 27 15:17:26 CST 2011,0.425591003
6029,Sat Jan 25 18:18:20 CST 2014,0.019003984800000002
5922,Tue Apr 28 06:58:23 CDT 2015,0.1204273866
22385,Mon Feb 22 22:48:54 CST 2010,0.034464013700000004
21121,Sat Nov 12 12:23:49 CST 2016,0.4509424367
12066,Thu Nov 22 07:06:23 CST 2012,0.1844919495
24134,Thu Aug 18 07:56:10 CDT 2016,0.46327209890000004
68863,Thu Oct 14 08:32:51 CDT 2010,0.44360730200000004
1065,Fri Dec 06 14:40:34 CST 2013,0.6070256701
21622,Fri Nov 09 22:36:45 CST 2012,0.0248962084
29197,Tue Jun 12 13:13:51 CDT 2012,0.9032796367
1767,Tue Nov 01 06:39:12 CDT 2016,0.6194348394
8116,Tue Sep 08 06:55:21 CDT 2015,0.3305367111
3191,Sun Dec 20 03:00:57 CST 2015,0.4000173724
39193,Thu Dec 19 02:48:00 CST 2013,0.7284145188000001
190177,Tue Jul 07 04:48:02 CDT 2009,0.9232770139
48925,Thu Jun 03 16:32:06 CDT 2010,0.8791828003000001
8398,Mon Sep 19 10:22:41 CDT 2016,0.8316157166
12980,Wed Aug 07 02:41:18 CDT 2013,0.6993224864
873,Wed Aug 31 09:47:24 CDT 2016,0.6882001477
12040,Sun Dec 14 03:54:49 CST 2014,0.0316196916
19302,Sat Jun 27 01:54:23 CDT 2015,0.5235683742
2376,Sun Mar 20 17:21:15 CDT 2016,0.045348075200000004
4995,Mon Jun 06 20:13:56 CDT 2016,0.8203185780000001
42253,Mon Mar 31 22:03:24 CDT 2014,0.2313423383
12586,Tue Jan 27 09:03:45 CST 2015,0.37768335740000003
5470,Wed Apr 24 11:26:26 CDT 2013,0.7766913472
8444,Mon Apr 06 07:21:30 CDT 2009,0.8978939017
21588,Sun Nov 30 09:08:29 CST 2014,0.5086348066
84794,Sat Mar 19 04:30:09 CDT 2016,0.5494495144
124,Mon Sep 12 20:01:33 CDT 2016,0.7730663831
5101,Fri Mar 07 22:48:27 CST 2014,0.2834762099
7645,Thu Nov 07 09:39:32 CST 2013,0.6845015228
846,Tue Aug 11 19:16:58 CDT 2015,0.8706521598
1,Wed Dec 07 01:56:46 CST 2016,0.7876284429
1270,Sat Feb 13 13:16:06 CST 2016,0.9597642751000001
10225,Sat Jun 07 14:37:16 CDT 2014,0.0357671748
6236,Fri Mar 18 20:13:36 CDT 2016,0.5685747132
10916,Sun Jun 16 05:38:54 CDT 2013,0.40083721250000004
49912,Sat Nov 28 17:16:27 CST 2015,0.8255781174
23574,Sun Nov 22 08:58:52 CST 2015,0.5470548621
11490,Sun Nov 01 08:58:41 CST 2015,0.8104545717
8729,Sun Mar 13 06:59:27 CDT 2016,0.4761765275
175,Tue Sep 06 06:08:27 CDT 2016,0.1714838954
67460,Mon Jan 20 06:22:09 CST 2014,0.0812923411
11484,Tue Feb 14 16:23:02 CST 2012,0.2275390526
21512,Sun Dec 20 08:03:23 CST 2009,0.8389164280000001
8923,Tue Jul 26 14:25:53 CDT 2016,0.48007746760000003
5097,Sun May 29 19:26:17 CDT 2016,0.42371359680000004
1391,Sat Feb 19 05:55:16 CST 2011,0.5587192774
339964,Fri Mar 06 20:13:26 CST 2009,0.3909852069
3,Sun Dec 04 20:54:41 CST 2016,0.131653246
31157,Fri Oct 29 14:40:17 CDT 2010,0.5665704823000001
160622,Tue Mar 26 01:10:32 CDT 2013,0.1370601425
11952,Tue Mar 15 19:59:47 CDT 2011,0.7694399729
19449,Sun Dec 27 03:15:02 CST 2015,0.5194629711000001
20157,Thu Dec 03 10:19:11 CST 2015,0.20755261020000002
344267,Sun Jan 31 14:06:25 CST 2016,0.5
29306,Mon Sep 16 09:40:07 CDT 2013,0.5462295836000001
196,Sun Dec 04 03:38:47 CST 2016,0.9534317919
58513,Thu Oct 24 13:09:05 CDT 2013,0.8211414545
4693,Sat Mar 14 14:49:48 CDT 2015,0.3761236814
40117,Fri Jan 30 05:13:22 CST 2015,0.2515587943
4267,Tue Jul 15 23:29:27 CDT 2014,0.32119292660000004
21904,Thu Jul 21 17:09:53 CDT 2016,0.2315328225
668,Sun Nov 16 23:18:40 CST 2014,0.6613432013
80233,Wed May 15 13:56:53 CDT 2013,0.6261959819
35142,Tue May 01 18:41:33 CDT 2012,0.5636402979
4979,Tue Jul 03 03:51:49 CDT 2012,0.401239716
14302,Wed Mar 09 09:28:17 CST 2011,0.8132380365
1553,Wed Mar 30 08:00:38 CDT 2016,0.3435626399
71650,Mon Nov 23 09:10:15 CST 2009,0.7570787216
2779,Mon Mar 07 09:26:38 CST 2011,0.8937185757
11396,Sun Nov 25 10:39:10 CST 2012,0.8713625963
24867,Tue Feb 11 21:58:19 CST 2014,0.2025111457
30017,Mon Nov 21 09:44:28 CST 2011,0.9221873909
7,Fri Sep 17 06:50:18 CDT 2010,0.5281736294
9312,Mon Oct 29 14:28:40 CDT 2012,0.7882835814
5711,Sat Nov 17 14:15:43 CST 2012,0.06474355100000001
4340,Fri Jun 17 23:52:56 CDT 2016,0.333992713
179469,Tue Sep 14 07:44:58 CDT 2010,0.2436908392
14517,Sun Dec 30 11:42:08 CST 2012,0.3807293298
52629,Tue May 20 17:30:56 CDT 2014,0.8364896563
3675,Tue Dec 29 23:32:06 CST 2015,0.3893431269
143074,Mon Sep 07 06:04:59 CDT 2015,0.8925917993
42978,Sun Feb 09 21:50:30 CST 2014,0.8284922389
44886,Sun Sep 21 20:48:42 CDT 2014,0.7181402358
25789,Sun Jul 03 16:00:13 CDT 2016,0.9504822922
57775,Fri Jan 02 16:42:56 CST 2015,0.6915236938
86,Wed May 04 20:48:04 CDT 2016,0.1779968678
2708,Fri Feb 21 11:54:20 CST 2014,0.3353004351
7277,Sat Apr 04 11:42:04 CDT 2015,0.454112522
11774,Fri Feb 18 17:12:50 CST 2011,0.6469716731
386133,Thu May 20 22:54:40 CDT 2010,0.5
66819,Wed Apr 09 04:19:08 CDT 2014,0.1283379121
831,Wed Feb 11 07:14:33 CST 2015,0.31245695430000003
713,Fri Aug 14 22:37:05 CDT 2015,0.5839143408
1351,Tue Jan 29 01:32:42 CST 2013,0.4455570982
1922,Fri Feb 10 04:46:40 CST 2012,0.5209414767
80563,Fri Jan 22 03:11:16 CST 2016,0.791705836
18052,Mon Feb 08 15:18:01 CST 2016,0.6295888543
6712,Sun May 01 04:56:36 CDT 2016,0.1551267173
4963,Thu Jun 16 10:18:57 CDT 2016,0.1685976766
33449,Thu Dec 05 14:30:39 CST 2013,0.5666556307
16023,Sun Apr 20 06:33:19 CDT 2014,0.8968019473000001
47581,Sun Mar 01 21:32:12 CST 2015,0.5
440,Sun Feb 01 17:29:42 CST 2015,0.6571648929
269790,Wed May 30 19:19:48 CDT 2012,0.2763746017
5774,Fri Jul 08 01:03:07 CDT 2016,0.8564315889
760,Wed Jan 13 07:14:39 CST 2016,0.9053474826000001
1253,Wed Mar 10 22:59:13 CST 2010,0.7104252059
28484,Fri May 17 06:54:00 CDT 2013,0.6913977371000001
43,Sun Dec 04 07:07:45 CST 2016,0.9492622105
1026,Sun Dec 20 07:52:56 CST 2015,0.49473946290000004
6411,Sun Feb 07 14:39:18 CST 2016,0.8088057131
39002,Wed Apr 24 16:11:05 CDT 2013,0.4223972911
99646,Mon Sep 28 16:44:02 CDT 2009,0.418175927
5552,Thu Jun 14 15:22:41 CDT 2012,0.37297726070000004
7539,Mon Jan 26 15:01:46 CST 2015,0.4474929494
2756,Sun Aug 31 00:30:52 CDT 2014,0.1645622407
137102,Sun Oct 18 02:02:28 CDT 2015,0.5189082132
274310,Fri Feb 26 06:40:39 CST 2016,0.6444659406000001
1186,Tue Aug 23 02:49:13 CDT 2016,0.2872243618
14570,Thu Mar 14 05:49:31 CDT 2013,0.3275318774
112958,Fri Oct 15 16:50:19 CDT 2010,0.1821852933
154,Tue Nov 08 22:11:24 CST 2016,0.2528874315
4602,Wed Dec 07 04:51:10 CST 2011,0.49006416280000004
8479,Thu Aug 22 09:04:11 CDT 2013,0.5125834877000001
13002,Tue Apr 12 04:20:15 CDT 2016,0.9300996148
19742,Thu Sep 30 13:59:08 CDT 2010,0.4612791028
145,Fri Jun 20 09:31:02 CDT 2014,0.0884525221
1747,Fri Mar 25 02:40:23 CDT 2016,0.8415549989000001
5215,Sun Dec 28 02:31:08 CST 2014,0.5443182996
15799,Wed Dec 09 21:45:31 CST 2009,0.7990901242
52819,Wed Jul 06 02:44:51 CDT 2011,0.8555376694
2071,Sun Sep 13 23:46:32 CDT 2015,0.4718188024
103349,Sat Jan 12 13:20:07 CST 2013,0.6042660456
157,Sun Nov 27 05:00:16 CST 2016,0.47281515960000003
17496,Thu Jun 23 07:30:18 CDT 2011,0.7583740303000001
42,Sat Jul 19 10:53:00 CDT 2014,0.5718541112000001
982,Wed Oct 23 02:04:40 CDT 2013,0.7290494547
292,Fri Apr 25 14:10:57 CDT 2014,0.960452658
7566,Sun Dec 20 06:22:25 CST 2015,0.2009099506
80269,Fri May 02 08:23:49 CDT 2014,0.5206708096
8485,Tue Feb 17 05:42:16 CST 2015,0.3631995262
130788,Tue Dec 24 20:04:08 CST 2013,0.6549989519
5079,Fri Dec 02 10:46:04 CST 2016,0.2971517883
124373,Sat Mar 28 03:06:40 CDT 2015,0.3903548553
6327,Fri Aug 28 09:21:21 CDT 2015,0.5907004465
11274,Fri Aug 12 16:31:31 CDT 2011,0.9859231636
49861,Tue May 14 08:13:33 CDT 2013,0.1739989483
2753,Fri May 31 12:01:10 CDT 2013,0.6370986630000001
6074,Wed Aug 26 11:36:42 CDT 2009,0.5259574296
714,Wed Feb 11 05:31:59 CST 2015,0.5
17347,Sun Jun 16 13:57:01 CDT 2013,0.4199781125
9825,Thu Sep 08 08:50:52 CDT 2016,0.5420445414
1982,Sat Jan 30 14:10:28 CST 2010,0.7546180014
12522,Sun Dec 13 07:11:05 CST 2015,0.3286204889
3903,Mon May 25 22:27:38 CDT 2015,0.2772647996
1967,Sat Mar 05 11:54:14 CST 2016,0.5479230283000001
6035,Thu Sep 12 04:57:31 CDT 2013,0.5
2541,Wed Aug 06 07:38:15 CDT 2014,0.6031133328
5759,Mon Sep 08 10:37:41 CDT 2014,0.7020621631
60917,Mon Mar 02 22:12:56 CST 2015,0.1514615105
365,Sun Jul 17 08:51:28 CDT 2016,0.2631645264
973,Fri Oct 17 03:49:44 CDT 2014,0.7502773146
10622,Thu Apr 11 06:37:19 CDT 2013,0.2224880065
39749,Sat Jun 05 16:05:44 CDT 2010,0.6295683089
4698,Wed Oct 06 00:58:12 CDT 2010,0.7358796662
9860,Wed Jul 20 23:34:16 CDT 2016,0.2570649058
21725,Wed Jun 05 20:03:34 CDT 2013,0.8484141263
28060,Thu Dec 15 17:21:10 CST 2011,0.7191381738
30692,Sat Nov 29 08:01:22 CST 2014,0.5984605159
4576,Thu Jan 21 23:49:48 CST 2010,0.2281410096
933,Sat Dec 28 23:20:51 CST 2013,0.1484265116
5906,Tue Oct 06 16:56:49 CDT 2015,0.5593764317000001
19713,Tue Oct 27 09:40:21 CDT 2015,0.2311579678
7500,Tue Apr 22 01:48:17 CDT 2014,0.1556503574
98,Wed Nov 16 19:29:34 CST 2016,0.4131668537
62125,Fri Nov 01 14:10:40 CDT 2013,0.9367662259
18909,Sun Sep 25 21:58:36 CDT 2016,0.2033100089
72370,Tue Feb 02 20:22:19 CST 2016,0.9785929993
11534,Thu Nov 08 23:46:05 CST 2012,0.7559261588
26856,Sun Oct 30 11:42:20 CDT 2011,0.4648839414
94130,Sun Jul 01 07:50:18 CDT 2012,0.7615955781
30737,Sat Sep 28 11:06:00 CDT 2013,0.5037244023
45260,Wed Oct 22 13:21:40 CDT 2014,0.8476912582
3352,Sat Nov 19 00:43:43 CST 2016,0.6036107605000001
118123,Thu Feb 14 16:09:51 CST 2013,0.8827715463
32554,Mon Mar 26 10:55:15 CDT 2012,0.1831928412
33676,Sat Aug 15 12:21:29 CDT 2015,0.8717635256
3574,Mon Sep 15 06:44:54 CDT 2014,0.5041731615
21662,Sat Apr 13 23:40:48 CDT 2013,0.2557665712
427,Thu Aug 04 00:20:53 CDT 2016,0.8587413422
58189,Thu Nov 15 04:26:42 CST 2012,0.2961080016
4737,Wed Oct 10 02:39:50 CDT 2012,0.1898458409
5934,Thu Oct 31 00:07:39 CDT 2013,0.5874868767
20751,Sun Jun 26 11:20:34 CDT 2016,0.5533400096000001
17191,Fri Jan 16 09:48:15 CST 2015,0.8269187539
27070,Sun May 29 07:19:15 CDT 2016,0.6504910422
63169,Sat May 19 05:44:20 CDT 2012,0.4287608211
8684,Mon Jul 06 10:39:32 CDT 2015,0.012340344000000001
826,Sat May 24 09:03:20 CDT 2014,0.6663395611
12285,Mon Jul 06 13:45:39 CDT 2015,0.9217337574000001
41820,Thu Oct 06 01:53:31 CDT 2011,0.9073623395
3489,Tue Oct 16 20:02:05 CDT 2012,0.7247622882
48301,Mon Feb 01 10:37:43 CST 2016,0.44173588550000004
4216,Thu Apr 24 17:47:11 CDT 2014,0.9321510459000001
22818,Mon Oct 29 14:39:43 CDT 2012,0.6351827902
565704,Thu May 07 19:27:56 CDT 2015,0.5143269086
104871,Mon Oct 01 23:29:18 CDT 2012,0.625390451
16847,Mon Mar 14 03:18:50 CDT 2011,0.4128369189
178877,Thu Jul 30 02:33:12 CDT 2015,0.1138949786
8892,Fri Aug 05 05:19:08 CDT 2016,0.5469842485
109518,Sun Sep 25 03:09:08 CDT 2016,0.8745766686
113051,Wed Sep 28 19:55:29 CDT 2016,0.0953175082
31749,Wed Aug 10 15:08:17 CDT 2011,0.8338393485000001
8076,Sat May 29 09:30:52 CDT 2010,0.5
60390,Sun Jul 29 05:29:58 CDT 2012,0.2693655283
5145,Mon Jun 13 01:52:47 CDT 2011,0.2018806559
1107,Tue Jun 02 02:20:11 CDT 2009,0.0455433541
2037,Fri Sep 02 18:22:35 CDT 2011,0.8948037027
56258,Thu Dec 01 16:46:17 CST 2011,0.29300769520000003
339,Thu Mar 26 21:40:01 CDT 2015,0.7898559729
81,Thu Dec 01 09:45:37 CST 2016,0.5155281956000001
113943,Tue Sep 25 07:25:26 CDT 2012,0.5884728675
16103,Sun Nov 10 14:45:50 CST 2013,0.1409134441
8616,Sat Jan 14 05:21:41 CST 2012,0.3431347086
5804,Sun Nov 09 08:43:19 CST 2014,0.6436858473
4445,Fri Jun 27 07:06:16 CDT 2014,0.3991664519
10646,Sat Dec 13 07:15:10 CST 2014,0.0847308177
40412,Tue Jul 10 22:05:54 CDT 2012,0.9285617107
98822,Sun Sep 16 03:00:39 CDT 2012,0.3781630018
42128,Sun Aug 30 12:29:17 CDT 2015,0.9604564653000001
63249,Sun Mar 03 19:19:32 CST 2013,0.5104430256
11265,Tue Apr 26 05:40:40 CDT 2016,0.143176412
124,Fri Nov 25 13:46:40 CST 2016,0.6495770332
4,Sat Dec 03 20:51:04 CST 2016,0.2597836767
2825,Thu Feb 11 04:15:13 CST 2016,0.5650846842
5804,Thu Aug 22 07:42:28 CDT 2013,0.2658421212
12581,Tue Sep 08 02:27:24 CDT 2015,0.6043927265
3613,Sat Sep 05 21:01:58 CDT 2015,0.542432801
637,Sat Sep 10 21:00:59 CDT 2016,0.4327085411
5465,Fri Jan 21 16:28:34 CST 2011,0.7409362692
8967,Sat Mar 03 20:49:22 CST 2012,0.6468683036
1667,Tue Nov 01 08:07:21 CDT 2016,0.4411461058
33072,Thu Apr 04 14:40:26 CDT 2013,0.4058324532
27797,Mon Dec 09 10:45:10 CST 2013,0.5953235887
29750,Fri Jan 14 16:24:06 CST 2011,0.8313578290000001
646,Wed Oct 05 06:30:02 CDT 2016,0.3101976206
8140,Wed Jan 07 02:16:16 CST 2015,0.4001751443
69945,Tue Jun 12 14:04:34 CDT 2012,0.1934594557
1396449,Sun Jan 29 10:56:31 CST 2012,0.35508894490000004
19782,Wed Mar 14 07:34:37 CDT 2012,0.6792668594
1454,Tue Aug 18 06:36:57 CDT 2009,0.8922073793
2633,Fri Jul 27 05:13:10 CDT 2012,0.5771825329
210,Mon Oct 17 03:43:48 CDT 2016,0.5348002787
52140,Thu Apr 11 06:54:15 CDT 2013,0.9999956921
47990,Mon Dec 29 06:51:26 CST 2014,0.4092681103
429,Fri Apr 29 06:38:25 CDT 2016,0.6756099475
66921,Sun Nov 03 01:22:23 CDT 2013,0.20755261020000002
39977,Thu Mar 01 06:30:34 CST 2012,0.028458061200000002
2421,Sun Dec 20 15:59:36 CST 2015,0.3517422364
268,Fri Nov 25 04:36:06 CST 2016,0.7293192856
3076,Mon Jun 16 01:09:13 CDT 2014,0.31003581610000003
10453,Thu Aug 20 01:20:47 CDT 2015,0.35289433600000003
20331,Fri Apr 03 14:18:20 CDT 2015,0.46499121
74463,Mon May 09 03:18:27 CDT 2011,0.7921984706
208,Fri Jun 05 21:00:02 CDT 2015,0.026307109800000002
170894,Wed Jul 07 11:01:33 CDT 2010,0.3192219758
863,Mon May 16 07:03:04 CDT 2016,0.0614484895
40524,Mon Mar 14 15:59:07 CDT 2011,0.5977415808000001
378,Sat Feb 06 00:55:48 CST 2016,0.3486194664
159983,Mon Sep 24 04:41:12 CDT 2012,0.7697329897
72429,Sun Aug 30 21:25:08 CDT 2009,0.29130062970000004
815,Sun Jun 23 01:42:50 CDT 2013,0.3437322545
23989,Thu Jun 30 08:24:04 CDT 2016,0.4120699189
37331,Fri Aug 01 06:41:44 CDT 2014,0.2733431886
2545,Sun Feb 14 03:08:10 CST 2016,0.40645029450000003
40051,Sat Mar 07 05:25:22 CST 2015,0.7082689807
81038,Tue Nov 17 21:55:42 CST 2009,0.1719300329
18599,Sun Jul 05 17:17:26 CDT 2015,0.7448024159000001
1356,Sat Nov 21 20:09:17 CST 2015,0.6861238615
3599,Sun Jun 12 14:31:45 CDT 2016,0.0322825029
2309,Thu Nov 06 23:36:06 CST 2014,0.5
2469,Sat Dec 12 06:03:30 CST 2015,0.6609303725
261,Thu Dec 03 05:51:10 CST 2015,0.9156542287
48071,Fri Jun 22 16:26:09 CDT 2012,0.9403528155
6067,Sat Jan 10 22:59:07 CST 2015,0.6807016495
102004,Sun May 31 19:53:41 CDT 2009,0.203020257
2056,Sun May 22 01:27:59 CDT 2016,0.6584853879
101300,Wed Mar 06 05:29:36 CST 2013,0.5087655595
3591,Sun May 18 06:57:21 CDT 2014,0.1622455165
76379,Fri Mar 05 11:01:42 CST 2010,0.20178843270000002
74220,Fri Nov 30 20:07:19 CST 2012,0.9652035082
1232,Sun Sep 18 20:33:36 CDT 2016,0.5268204227000001
2135,Mon Jun 23 22:30:32 CDT 2014,0.7222121542000001
3508,Sun Jun 10 16:10:23 CDT 2012,0.6846406286000001
46995,Fri Feb 08 11:01:34 CST 2013,0.7856222569
388,Tue Mar 03 13:44:59 CST 2015,0.5283439209
4791,Mon Nov 16 06:10:42 CST 2015,0.5190641281
3,Tue Dec 06 05:20:32 CST 2016,0.5571164811
17834,Sun Sep 06 04:58:28 CDT 2015,0.406367617
5565,Thu Apr 05 02:02:52 CDT 2012,0.5
2224,Tue Jul 15 12:44:11 CDT 2014,0.20237347220000002
51537,Tue Aug 20 08:11:08 CDT 2013,0.2553423795
6627,Fri Apr 23 17:13:15 CDT 2010,0.8208614746
10421,Thu Sep 18 00:01:03 CDT 2014,0.4014219618
22504,Mon Dec 21 12:35:33 CST 2015,0.8094203702
11444,Wed May 04 07:44:59 CDT 2016,0.5027334397000001
24903,Thu Jun 30 08:33:56 CDT 2016,0.4120699189
4693,Tue Nov 10 17:22:06 CST 2015,0.7682928331000001
228990,Mon Apr 12 09:16:46 CDT 2010,0.5105297497
202,Sat Apr 16 07:03:14 CDT 2016,0.2994913907
14508,Sat Jan 05 03:03:48 CST 2013,0.71771054
8388,Sun Sep 18 06:13:17 CDT 2011,0.5266319458000001
3574,Sun Oct 13 14:15:58 CDT 2013,0.2228682502
179404,Sun Oct 05 19:50:18 CDT 2014,0.2856338215
3257,Tue Oct 06 03:24:29 CDT 2009,0.6323901217
375,Sat Nov 12 18:19:13 CST 2016,0.5319728913
97,Fri Nov 18 16:43:01 CST 2016,0.5348002787
1813,Sat Jan 16 23:51:42 CST 2016,0.0490198666
65,Tue Oct 04 08:12:35 CDT 2016,0.5194662083
15450,Sat Jul 30 13:00:37 CDT 2011,0.3373804017
1364,Tue Oct 18 00:02:29 CDT 2016,0.6695014422000001
5350,Tue Jun 18 05:25:17 CDT 2013,0.16209526400000002
47766,Mon Apr 27 19:48:09 CDT 2009,0.8267749225000001
5767,Sat Dec 03 17:21:28 CST 2016,0.353749317
36451,Tue Dec 04 18:30:34 CST 2012,0.8316255922
699,Sun Apr 08 07:06:00 CDT 2012,0.8526397158000001
541,Mon Oct 31 08:54:17 CDT 2016,0.264818021
3669,Fri May 24 22:33:14 CDT 2013,0.9656675750000001
5815,Sun Sep 22 07:25:19 CDT 2013,0.402801399
2470,Mon Feb 09 23:35:12 CST 2015,0.7368350136
17886,Fri Mar 20 01:56:05 CDT 2015,0.19538252150000002
7890,Sun Jul 31 11:54:27 CDT 2016,0.5715916456
1214,Sun May 31 03:02:44 CDT 2015,0.8616537726
61875,Sun Apr 07 08:47:58 CDT 2013,0.757891643
250,Mon Aug 05 22:51:25 CDT 2013,0.3357488008
259680,Thu Aug 20 23:41:28 CDT 2009,0.62289116
65931,Sun Sep 09 10:47:39 CDT 2012,0.6580579348000001
13616,Fri Dec 04 00:36:03 CST 2015,0.2433981586
1175778,Mon Sep 13 10:25:29 CDT 2010,0.21016676150000002
305,Wed Nov 30 05:06:04 CST 2016,0.4884824931
2618,Fri Sep 28 10:01:19 CDT 2012,0.4702886066
14,Tue Dec 06 00:57:16 CST 2016,0.0606418894
31538,Tue May 26 22:03:38 CDT 2009,0.024223102
300,Tue Oct 18 01:16:26 CDT 2016,0.0953813245
335326,Thu Dec 06 09:57:04 CST 2012,0.6702718790000001
66126,Sat May 31 23:46:46 CDT 2014,0.264522717
37396,Mon Apr 18 01:20:10 CDT 2016,0.3276955797
55700,Sat Jul 20 02:59:22 CDT 2013,0.1399054932
220,Tue May 26 03:11:07 CDT 2009,0.8817629761
83242,Sun Dec 06 08:51:57 CST 2009,0.727218182
91908,Fri Dec 16 00:52:44 CST 2011,0.8893690787
49706,Thu May 05 04:37:03 CDT 2011,0.19974862640000002
33723,Sat Nov 16 17:22:46 CST 2013,0.9275163329
98677,Sat Sep 22 03:57:21 CDT 2012,0.29537181230000004
11607,Sat May 07 06:21:06 CDT 2016,0.1464294932
7312,Tue Feb 07 10:04:10 CST 2012,0.5036625915
51305,Sat Dec 05 10:43:36 CST 2015,0.9606297634000001
128476,Wed Jan 21 07:44:13 CST 2009,0.3356487812
9766,Thu May 19 03:40:42 CDT 2016,0.9133205271
2445,Tue Jan 14 09:49:33 CST 2014,0.5962935557
3,Sat Dec 03 06:34:07 CST 2016,0.8699402139
100041,Mon Aug 26 05:48:05 CDT 2013,0.5775996813000001
13786,Tue Sep 20 13:37:22 CDT 2016,0.0642333696
21454,Wed Feb 17 00:14:07 CST 2010,0.5713566122
21937,Tue Aug 21 18:51:50 CDT 2012,0.7300658924
128183,Fri Jul 16 17:36:50 CDT 2010,0.6510408717
1689,Sun Nov 13 00:36:58 CST 2016,0.8182463614000001
227,Mon Jan 14 05:47:25 CST 2013,0.5246204612
4323,Fri May 06 00:41:54 CDT 2016,0.3520569122
7773,Sat Apr 28 20:38:30 CDT 2012,0.6222366521
2151,Mon Jun 27 03:59:21 CDT 2016,0.8401779766
22885,Tue Nov 19 17:54:06 CST 2013,0.6510408717
103,Sat Jul 23 03:41:08 CDT 2016,0.3308370337
129215,Sun Apr 19 06:38:51 CDT 2009,0.7319844066000001
19693,Tue Dec 16 22:04:57 CST 2014,0.5515563998
6807,Sat Apr 23 13:31:34 CDT 2011,0.1645151095
9304,Sat Jun 11 06:12:01 CDT 2016,0.5517148338
17930,Tue Sep 13 12:02:31 CDT 2011,0.8283495004
22275,Sun May 31 04:02:15 CDT 2015,0.6590911499000001
66795,Tue Sep 13 08:43:03 CDT 2016,0.5030286237
111800,Wed Aug 24 22:28:17 CDT 2016,0.5160796555
6110,Thu Oct 06 17:30:57 CDT 2016,0.6501711073
12577,Tue Apr 22 03:40:14 CDT 2014,0.7681643274000001
3139,Thu Apr 02 19:08:44 CDT 2015,0.6585638075
29078,Tue Jun 08 07:04:24 CDT 2010,0.8311490626
6728,Sat Nov 26 17:37:14 CST 2011,0.046449436600000005
380,Sun Dec 04 10:32:45 CST 2016,0.7750304006000001
196,Tue Nov 15 09:23:34 CST 2011,0.6720455979000001
22056,Tue Jan 08 13:30:53 CST 2013,0.9751495425000001
115,Tue Sep 27 10:01:01 CDT 2016,0.8230061299
3045,Fri Dec 27 04:07:40 CST 2013,0.4690169086
337,Sat Oct 08 05:22:48 CDT 2011,0.5217409848
705,Mon Oct 17 19:05:39 CDT 2016,0.0272110827
21832,Sun Sep 28 06:07:32 CDT 2014,0.5173820376
250518,Thu Jan 07 06:45:00 CST 2010,0.2744277844
3299,Sun Aug 28 11:36:58 CDT 2016,0.653322634
544,Mon May 09 13:34:38 CDT 2016,0.904898017
134236,Sun Jul 26 21:27:00 CDT 2015,0.171403886
1008852,Sun Mar 16 19:43:44 CDT 2014,0.9213104484
80956,Tue Apr 10 04:45:39 CDT 2012,0.2515587943
2690,Sat Nov 08 19:14:44 CST 2014,0.7628889958
255,Sat Aug 18 08:28:28 CDT 2012,0.7799533596
62066,Sun Sep 04 13:28:41 CDT 2016,0.7017388868000001
1495,Wed Sep 24 16:07:16 CDT 2014,0.35708831900000004
10,Sun Oct 06 06:14:27 CDT 2013,0.7084045015
12070,Tue Jul 17 17:55:53 CDT 2012,0.3537496979
105013,Sun Jul 01 04:27:09 CDT 2012,0.4344087969
444,Mon Aug 30 08:06:04 CDT 2010,0.6751815618
1769,Wed Dec 18 15:56:34 CST 2013,0.36854281170000003
117,Wed Dec 07 01:49:53 CST 2016,0.7962500006000001
8513,Thu Oct 27 20:17:41 CDT 2011,0.49476101240000003
585,Tue Apr 28 17:13:44 CDT 2015,0.8414852941000001
2162,Sun Apr 24 12:22:43 CDT 2016,0.4905465794
2263,Sun Jun 12 04:10:23 CDT 2016,0.18307925500000002
20117,Sat Aug 06 23:57:46 CDT 2016,0.7002466154
86965,Fri May 27 05:39:07 CDT 2011,0.2089221446
21138,Sun Feb 12 06:22:19 CST 2012,0.5536159313
26030,Mon Dec 28 08:28:25 CST 2009,0.4614801209
5717,Sun Oct 30 14:26:18 CDT 2011,0.3748389385
8315,Thu Jul 09 06:26:49 CDT 2015,0.6028953801
22,Sat Nov 19 10:28:02 CST 2016,0.1739120537
217,Sat Jan 03 13:51:51 CST 2015,0.6120756962
247973,Tue Mar 19 16:01:29 CDT 2013,0.8858666467
7242,Sat Apr 05 00:39:48 CDT 2014,0.5536018884
26360,Sat Aug 13 18:12:40 CDT 2016,0.1738798999
116728,Sun Nov 20 06:19:44 CST 2011,0.7654322353
327,Tue Jul 19 10:21:01 CDT 2016,0.0826754283
134277,Tue Dec 15 15:33:30 CST 2009,0.1776650055
45789,Wed May 28 18:25:02 CDT 2014,0.1678127086
17622,Mon Mar 14 04:38:20 CDT 2016,0.8779267599
112472,Wed Oct 12 14:31:10 CDT 2016,0.32980281850000004
7565,Tue Nov 03 19:44:30 CST 2015,0.169839935
12680,Fri Dec 02 08:27:04 CST 2016,0.5112673676
542,Thu Jan 23 19:25:33 CST 2014,0.7916473146
9491,Tue Sep 20 06:12:01 CDT 2011,0.7230631332
409024,Sat Mar 07 04:11:04 CST 2015,0.8905102959000001
41709,Fri May 13 08:18:08 CDT 2011,0.4832693336
15163,Wed Apr 02 14:53:47 CDT 2014,0.6870874919000001
2671,Tue Mar 08 14:58:23 CST 2011,0.2919418867
171,Mon Feb 24 04:47:24 CST 2014,0.3473102772
26429,Mon Jun 13 17:40:39 CDT 2011,0.7243335616000001
1825,Sat Aug 24 14:23:23 CDT 2013,0.17295864190000002
57363,Fri Jun 06 22:58:50 CDT 2014,0.5947984525000001
155239,Thu Jan 28 05:09:46 CST 2010,0.20755261020000002
960,Wed Nov 27 13:42:14 CST 2013,0.4754142558
1,Tue Dec 06 03:02:41 CST 2016,0.6717498595
66135,Sun Aug 23 02:52:46 CDT 2009,0.5054073625000001
326,Sat May 14 10:41:05 CDT 2016,0.5241770875
6648,Sun Feb 22 03:25:03 CST 2015,0.2471685761
154535,Thu Feb 11 16:03:06 CST 2016,0.8750890307
18914,Tue Dec 23 06:23:58 CST 2008,0.0043466239
51962,Fri Mar 13 11:02:15 CDT 2015,0.7084513954
870,Wed Jun 08 17:22:20 CDT 2016,0.7354828216
2535,Sat Dec 07 23:49:02 CST 2013,0.7403048941
2203,Fri Oct 07 11:20:55 CDT 2016,0.5160894174
17290,Sun Aug 18 03:56:19 CDT 2013,0.32867922860000004
439,Sun Nov 20 08:23:16 CST 2016,0.6101403629000001
16656,Fri Apr 10 11:59:29 CDT 2015,0.20755261020000002
10885,Mon May 14 21:51:34 CDT 2012,0.6132731731000001
32556,Mon Mar 26 10:55:15 CDT 2012,0.7276210222
10797,Tue Aug 02 07:33:21 CDT 2016,0.6273691936
6761,Wed Apr 11 01:55:59 CDT 2012,0.1566191334
17633,Sat Feb 14 10:33:14 CST 2015,0.3687683524
4484,Wed Feb 02 17:36:35 CST 2011,0.7579068453000001
31068,Wed May 25 19:53:27 CDT 2011,0.0131071385
19430,Fri Nov 25 16:19:10 CST 2011,0.47503887580000004
60842,Sat Jun 09 09:45:57 CDT 2012,0.221457078
102705,Wed Jun 13 06:19:53 CDT 2012,0.7716246183000001
4347,Sun Apr 10 08:14:54 CDT 2016,0.4768557351
14064,Fri Feb 05 03:48:16 CST 2016,0.5455550589
21199,Wed Oct 14 12:39:36 CDT 2015,0.41316844540000003
3519,Fri Jul 15 04:21:20 CDT 2016,0.4819167904
1570,Sun Aug 07 07:56:47 CDT 2016,0.4627551615
11723,Sat May 07 06:52:47 CDT 2011,0.8896981648000001
7737,Wed Sep 17 06:48:55 CDT 2014,0.4777882792
461,Mon Sep 13 19:09:32 CDT 2010,0.32766113410000003
50450,Sun Nov 13 14:51:10 CST 2016,0.3245851111
16896,Mon Jun 23 05:19:53 CDT 2014,0.6175233301
13127,Tue Apr 30 00:55:28 CDT 2013,0.221457078
24284,Sun Jul 12 12:24:26 CDT 2009,0.7019019096
77308,Wed Apr 06 08:31:26 CDT 2016,0.4713348492
7443,Tue Jul 12 13:41:07 CDT 2011,0.09993420780000001
745,Tue Dec 29 15:05:49 CST 2009,0.19392694870000002
23795,Fri Aug 19 00:52:24 CDT 2016,0.2315328225
889209,Tue Aug 06 11:34:02 CDT 2013,0.8683274971
11154,Fri Mar 30 14:17:38 CDT 2012,0.5703443792
5092,Wed Jun 29 03:39:06 CDT 2011,0.1567640566
77194,Fri Jul 06 05:17:46 CDT 2012,0.5
729,Sun Jan 06 01:10:33 CST 2008,0.5
16,Tue Dec 06 02:38:35 CST 2016,0.5662666576000001
1613,Sat Sep 10 16:53:49 CDT 2016,0.13813917080000002
36835,Thu Oct 02 20:53:25 CDT 2014,0.4094821712
1155,Mon Sep 12 03:27:16 CDT 2016,0.7545613389
12059,Tue May 03 16:59:34 CDT 2016,0.5795398707
686,Thu Dec 04 18:00:38 CST 2014,0.7873980076
172215,Wed Jan 20 11:20:57 CST 2010,0.4826612006
1000062,Tue Aug 20 20:05:21 CDT 2013,0.1371264338
55114,Wed May 18 03:45:29 CDT 2011,0.4168231912
15271,Wed Apr 28 19:02:16 CDT 2010,0.0151409261
5524,Sun Sep 11 13:08:40 CDT 2016,0.45388594660000003
12108,Fri Dec 16 14:51:58 CST 2011,0.9139255687000001
11176,Mon Sep 19 00:04:48 CDT 2011,0.23004613100000001
160974,Wed Jun 15 07:51:19 CDT 2011,0.2770765351
17557,Tue Dec 09 07:24:18 CST 2014,0.4122952472
16,Thu Nov 17 05:37:33 CST 2016,0.8059089673000001
1169,Sat Jun 22 08:50:32 CDT 2013,0.5857740675
112580,Wed Apr 11 07:56:19 CDT 2007,0.6182995672
9955,Thu Jan 09 07:43:24 CST 2014,0.5128730431
150443,Tue Feb 24 15:26:46 CST 2015,0.7670065195
1444,Mon Aug 08 02:37:17 CDT 2016,0.6936919834
7358,Tue Jun 15 06:08:37 CDT 2010,0.30036997320000003
770652,Sat Oct 09 14:32:11 CDT 2010,0.2681542636
3061,Fri Nov 16 18:36:51 CST 2012,0.2896641494
1612,Thu Apr 23 23:08:11 CDT 2015,0.6882872043
6055,Thu Mar 31 09:27:40 CDT 2016,0.19962341860000002
172459,Tue Nov 29 10:53:06 CST 2011,0.7480105699
9147,Thu Aug 04 19:25:16 CDT 2016,0.7464738772
27127,Fri Jul 11 17:36:20 CDT 2014,0.0523664447
8049,Wed Jun 05 10:28:11 CDT 2013,0.11268658690000001
3086,Wed Feb 12 18:19:48 CST 2014,0.11933954050000001
4122,Wed Dec 21 17:07:34 CST 2011,0.3183215782
181,Sat Dec 01 23:28:48 CST 2012,0.1635561543
329,Fri Nov 07 08:52:32 CST 2014,0.8053441795
11031,Mon Jul 11 09:41:40 CDT 2016,0.9385007054000001
77133,Thu May 01 10:13:03 CDT 2008,0.8739237744
2827,Sun May 04 19:32:20 CDT 2014,0.0484814535
3414,Tue May 04 21:10:13 CDT 2010,0.7197282022
548,Thu Nov 17 16:26:04 CST 2016,0.7317941158
79146,Sat Oct 22 01:22:21 CDT 2011,0.3159947976
3280,Sun Sep 22 07:32:30 CDT 2013,0.4298196467
11449,Fri Jun 06 14:10:00 CDT 2014,0.9462622481
71907,Mon Jul 16 17:36:29 CDT 2012,0.3920046076
2315,Sat Jul 19 01:53:29 CDT 2014,0.5824844532
26978,Tue Sep 09 18:20:42 CDT 2014,0.7603316368
363852,Thu Mar 10 09:07:49 CST 2011,0.10548272980000001
661,Sat Aug 20 03:29:39 CDT 2016,0.4537884344
268052,Tue Sep 29 03:12:32 CDT 2015,0.0747146729
1662,Mon May 16 19:58:32 CDT 2016,0.8159197744000001
5698,Fri May 20 10:56:04 CDT 2011,0.37075763040000004
2156,Mon Jun 20 22:16:00 CDT 2016,0.3271094254
4376,Sun May 08 19:02:59 CDT 2016,0.9213481733000001
16961,Tue Jul 28 08:53:21 CDT 2015,0.0746074914
1935,Wed Jul 29 01:21:50 CDT 2015,0.2162190494
8259,Sun Jan 25 12:12:09 CST 2015,0.1350410238
945,Sun Jan 23 11:34:14 CST 2011,0.8953071119
27602,Tue Nov 06 12:20:39 CST 2012,0.1812348347
204,Thu Feb 13 05:27:06 CST 2014,0.9262860878
53787,Wed May 22 00:17:13 CDT 2013,0.5826700880000001
13046,Tue Jul 31 09:34:33 CDT 2012,0.1365361566
849,Wed Oct 28 00:14:08 CDT 2015,0.5537521466
3580,Mon Dec 07 02:44:38 CST 2015,0.4520081462
6117,Wed May 04 09:28:52 CDT 2016,0.8296100185
2593,Fri Sep 25 08:21:07 CDT 2015,0.6494785964
40516,Fri Nov 27 20:29:05 CST 2015,0.36351953000000004
3227,Fri Apr 01 11:24:29 CDT 2016,0.5048786983
356,Mon Oct 03 01:58:24 CDT 2016,0.2820292662
405,Sun Apr 13 21:31:11 CDT 2014,0.9174598589
10143,Mon Jun 17 03:59:12 CDT 2013,0.1583025394
672991,Wed Jun 25 01:18:09 CDT 2014,0.1194275825
360,Thu Jan 05 22:45:13 CST 2012,0.38648099410000003
89144,Tue May 05 20:56:42 CDT 2015,0.7950191537
4133,Fri Mar 09 01:55:49 CST 2012,0.7813368712000001
1022,Thu Dec 13 07:43:53 CST 2012,0.7377803043000001
21826,Fri Mar 27 10:35:33 CDT 2015,0.3677905396
1398,Mon Dec 08 01:36:46 CST 2014,0.6863323003
34431,Sun Jun 22 03:58:43 CDT 2014,0.3300546479
4825,Mon May 02 15:00:25 CDT 2016,0.6032159825
7403,Mon Jun 10 10:20:39 CDT 2013,0.3926362937
113562,Thu Mar 08 03:24:40 CST 2012,0.22269479960000002
23719,Sun Jul 15 09:13:22 CDT 2012,0.616179296
14280,Sat Mar 01 18:36:46 CST 2014,0.6662321923
25799,Tue May 05 10:52:45 CDT 2009,0.9633251957000001
416,Sun Apr 13 02:53:42 CDT 2014,0.4353042676
1036,Sat Nov 26 12:46:59 CST 2016,0.3550103737
50809,Wed May 21 13:08:09 CDT 2014,0.211243541
1707,Tue Dec 25 15:25:20 CST 2012,0.9229555774
7069,Fri Sep 24 06:45:57 CDT 2010,0.7140020754
34775,Fri Feb 18 23:03:14 CST 2011,0.7718297961
241983,Sat Mar 31 02:08:03 CDT 2012,0.3062228662
5008,Sat Apr 26 08:01:49 CDT 2014,0.1248842352
802,Tue Apr 26 18:38:48 CDT 2011,0.46220848750000004
399,Mon Jun 13 08:45:53 CDT 2016,0.5590563904
798,Fri Oct 07 03:44:54 CDT 2016,0.9641475349
92988,Sun Jun 21 21:41:37 CDT 2015,0.4583898114
4797,Tue Aug 13 01:49:33 CDT 2013,0.41912686260000004
6908,Tue Apr 12 22:13:35 CDT 2016,0.7978472903
7138,Sat Jul 04 21:45:48 CDT 2015,0.1810925088
143989,Sat Sep 24 22:54:11 CDT 2016,0.6910479902000001
612,Tue Apr 12 05:24:31 CDT 2016,0.9740828853000001
8738,Sun Sep 05 13:06:06 CDT 2010,0.0804884856
57193,Thu Jul 09 01:26:37 CDT 2009,0.638987403
247,Tue Jan 12 10:41:08 CST 2010,0.6100719471
373,Wed Nov 30 13:49:19 CST 2016,0.8746313174
13,Sun Nov 20 15:20:46 CST 2016,0.23887173
9,Sat Sep 19 12:30:24 CDT 2015,0.414525529
1486,Wed Aug 29 20:50:20 CDT 2012,0.4229659503
4479,Mon Feb 23 06:16:51 CST 2015,0.260032025
5708,Sun Sep 06 07:55:00 CDT 2015,0.61154715
7484,Tue Jun 26 03:22:22 CDT 2012,0.8317538494000001
25926,Mon Mar 21 22:19:45 CDT 2016,0.4953115455
4276,Wed Oct 19 10:01:46 CDT 2016,0.6746765053
535,Sun Mar 23 09:43:19 CDT 2014,0.5000933118
15972,Mon Sep 21 06:42:47 CDT 2015,0.7823505350000001
27025,Tue Oct 01 10:15:24 CDT 2013,0.1831606584
1876,Thu Mar 10 12:41:54 CST 2016,0.4227658174
4033,Tue Feb 17 06:41:50 CST 2015,0.0261409617
6448,Fri Dec 24 13:23:22 CST 2010,0.49753217850000003
64,Fri Jun 26 09:50:43 CDT 2015,0.6408930665
4924,Mon Apr 18 12:14:11 CDT 2016,0.33924399400000005
2722,Sun Oct 04 00:32:35 CDT 2015,0.7276535455
106203,Sun Apr 15 03:02:56 CDT 2007,0.7726637161000001
32991,Wed Oct 15 13:39:19 CDT 2014,0.5057227908
75864,Fri Aug 09 20:55:11 CDT 2013,0.0844788088
20523,Sun Aug 26 07:47:15 CDT 2012,0.5295790693
456,Wed Jun 01 07:34:26 CDT 2016,0.8635428153
5995,Mon Nov 07 17:08:23 CST 2016,0.5470842692
10611,Thu Apr 09 05:20:15 CDT 2015,0.3464372544
11480,Fri Aug 12 08:05:25 CDT 2011,0.6825298285
712,Tue Apr 12 09:08:13 CDT 2016,0.9262755887
79857,Mon May 28 13:50:17 CDT 2012,0.9104997199
25801,Sat Nov 26 01:56:40 CST 2016,0.11381642310000001
38247,Thu May 14 08:30:25 CDT 2015,0.6094155766
5087,Tue Jun 02 15:43:26 CDT 2009,0.1964767516
251,Thu Nov 17 11:05:03 CST 2016,0.7125604158000001
8990,Mon Feb 14 10:07:57 CST 2011,0.6566730256000001
3626,Wed Dec 14 04:14:40 CST 2011,0.5
45097,Fri Jul 27 17:31:26 CDT 2012,0.9193705917
