21458,Wed Jul 13 02:31:13 CDT 2016,0.1379393236
65,Fri May 20 12:17:58 CDT 2011,0.008552769600000001
9006,Thu Oct 10 12:25:59 CDT 2013,0.4610305732
11490,Wed Jul 20 11:36:24 CDT 2016,0.1379393236
17333,Wed Jul 20 11:36:41 CDT 2016,0.1379393236
5768,Tue Mar 20 12:57:52 CDT 2012,0.5601020789
8014,Sun Jun 29 06:44:19 CDT 2014,0.0841179836
4276,Mon Mar 07 18:34:38 CST 2016,0.1440694538
16443,Sun Dec 13 18:05:04 CST 2015,0.1379393236
16280,Thu Aug 18 12:21:57 CDT 2016,0.1379393236
30208,Mon Dec 14 06:53:53 CST 2015,0.1379393236
10725,Mon Aug 13 18:36:15 CDT 2012,0.4003856791
38728,Fri Jan 08 19:00:37 CST 2016,0.1379393236
91785,Thu Sep 10 00:17:51 CDT 2009,0.1182080516
12366,Mon Nov 04 15:59:45 CST 2013,0.8723415294
21545,Wed Jul 13 10:57:22 CDT 2016,0.1379393236
20788,Wed Aug 17 08:06:25 CDT 2016,0.1379393236
15519,Thu Aug 18 00:47:50 CDT 2016,0.1379393236
104893,Fri Aug 09 11:42:30 CDT 2013,0.7968583146
855,Tue Mar 04 10:01:28 CST 2014,0.3273495225
118102,Fri Aug 08 08:17:17 CDT 2008,0.5887083354
6346,Fri Nov 11 20:11:12 CST 2016,0.39800034770000003
6650,Mon Apr 21 13:42:13 CDT 2014,0.2991988565
384840,Thu Apr 16 22:17:24 CDT 2009,0.3896026365
23878,Thu Aug 18 07:31:05 CDT 2016,0.1379393236
17974,Sun Sep 11 08:15:03 CDT 2016,0.1379393236
26755,Fri Sep 09 16:16:57 CDT 2016,0.1379393236
15,Tue Sep 15 01:09:03 CDT 2015,0.4081206418
643,Mon Feb 08 21:33:44 CST 2010,0.2072347075
17546,Mon Jun 27 10:38:51 CDT 2016,0.26820602720000003
20229,Fri Sep 09 19:00:46 CDT 2016,0.1379393236
23807,Thu Aug 18 13:29:42 CDT 2016,0.1379393236
586,Sat Nov 05 15:54:18 CDT 2016,0.226994301
5150,Tue Jun 14 11:03:10 CDT 2016,0.226994301
3291,Tue Sep 20 06:44:58 CDT 2016,0.226994301
1354,Sat Nov 05 16:28:56 CDT 2016,0.226994301
46190,Thu Jul 16 16:20:44 CDT 2015,0.3447914506
4901,Tue Dec 02 20:13:52 CST 2008,0.8881101720000001
53180,Sun Feb 05 08:05:43 CST 2012,0.21758507030000002
8573,Wed May 22 14:46:10 CDT 2013,0.7870513297
138,Fri Nov 11 00:26:52 CST 2011,0.6533452684000001
656,Tue Sep 15 13:09:19 CDT 2015,0.33761937810000003
88667,Sun May 23 11:16:40 CDT 2010,0.6863877289
73619,Thu Jun 10 13:16:38 CDT 2010,0.1165918464
32765,Sat Apr 30 17:06:52 CDT 2016,0.7870513297
113170,Sun Sep 06 03:43:51 CDT 2009,0.2864258536
156,Mon Jun 20 22:57:52 CDT 2016,0.829787507
1133,Fri Oct 28 14:48:24 CDT 2016,0.1165918464
18583,Fri Sep 02 00:55:55 CDT 2016,0.1379393236
117140,Mon Sep 19 02:29:54 CDT 2011,0.3425455166
16323,Sun Sep 11 03:51:55 CDT 2016,0.1379393236
4232,Wed Apr 14 14:12:22 CDT 2010,0.5497815666
2401,Tue Nov 08 10:26:28 CST 2016,0.7261534523000001
8267,Wed Oct 06 19:58:54 CDT 2010,0.6058581314
2514,Fri Nov 21 22:13:49 CST 2014,0.12657761080000002
125929,Sun May 22 13:28:08 CDT 2011,0.2735996029
2791,Sat Dec 29 11:53:40 CST 2012,0.8697252406
14855,Sat Jul 21 12:20:15 CDT 2012,0.5299729549000001
225411,Thu Apr 29 15:08:52 CDT 2010,0.4721884636
389,Tue Jun 05 08:14:11 CDT 2012,0.7870513297
8544,Tue Jan 15 12:27:19 CST 2013,0.7897359159
46225,Fri Jun 25 15:53:51 CDT 2010,0.2879820374
651,Sun Mar 29 00:19:54 CDT 2009,0.10891829230000001
81064,Thu Aug 20 09:02:53 CDT 2009,0.0463491028
66889,Sat Apr 11 00:05:00 CDT 2009,0.21626120980000002
69,Mon Dec 05 07:11:45 CST 2016,0.28533133990000004
5008,Fri Oct 18 17:32:50 CDT 2013,0.6268944647
108813,Fri Jul 31 00:23:24 CDT 2009,0.7769938858000001
190586,Mon Apr 27 09:57:02 CDT 2009,0.12099430530000001
881,Sat Apr 05 17:48:13 CDT 2014,0.3193495536
2124,Sun Feb 21 09:48:57 CST 2016,0.4556190431
5604,Mon Aug 16 18:19:37 CDT 2010,0.2957581124
2635,Sun Oct 09 22:55:02 CDT 2016,0.6221906517
6342,Wed Mar 25 11:38:08 CDT 2015,0.6607058226
265814,Fri Jun 03 22:14:44 CDT 2011,0.30774704540000003
10367,Sun Sep 26 18:56:15 CDT 2010,0.0945335208
51358,Mon Jun 27 23:04:38 CDT 2011,0.0399623889
6162,Sat Jan 19 19:04:54 CST 2013,0.6268982905
3402,Thu Aug 07 19:31:51 CDT 2008,0.21340561660000001
10766,Mon Jan 24 16:51:54 CST 2011,0.09369645700000001
665,Mon Jun 30 13:36:28 CDT 2014,0.5722147135
2705,Wed Dec 08 09:27:26 CST 2010,0.1644317263
10466,Sun Jun 14 15:57:41 CDT 2009,0.2664727534
23169,Fri Jan 29 10:51:27 CST 2010,0.3041734813
10368,Sun Sep 26 18:56:15 CDT 2010,0.1281370798
32851,Fri Oct 24 20:57:47 CDT 2014,0.1751723597
16585,Fri Jun 05 20:57:54 CDT 2015,0.0315012369
985,Fri Feb 20 14:30:59 CST 2009,0.6323701392000001
89032,Fri Jan 29 12:01:15 CST 2010,0.9373536322
12687,Thu Oct 20 01:26:03 CDT 2016,0.0235567538
4034,Mon May 17 08:47:03 CDT 2010,0.5577257219
24993,Tue Aug 12 16:27:35 CDT 2008,0.0532963656
716,Thu Jul 15 16:47:37 CDT 2010,0.24977910520000002
514824,Sat Mar 19 10:20:41 CDT 2011,0.7559634951
58081,Thu Jun 21 14:13:38 CDT 2012,0.8550943908
444,Fri Jul 08 10:12:34 CDT 2016,0.37308008400000003
4621,Sun Feb 28 20:06:55 CST 2016,0.36508299790000004
50765,Mon Aug 02 20:19:32 CDT 2010,0.5076374684
37360,Thu Apr 11 19:04:53 CDT 2013,0.1347257485
26912,Wed Jan 28 21:28:06 CST 2015,0.6418322584
871,Tue Aug 18 05:17:52 CDT 2015,0.41100590260000003
603,Wed Dec 23 07:44:59 CST 2015,0.12950023400000002
93929,Wed Jul 11 13:54:35 CDT 2012,0.6743359166
8359,Thu Jan 22 03:22:10 CST 2009,0.0603141763
107793,Sat Jul 04 09:20:51 CDT 2009,0.0180942758
3510,Tue Feb 14 15:20:13 CST 2012,0.7013478735
23496,Tue Apr 28 15:45:03 CDT 2015,0.6238684146
10219,Thu May 29 18:23:02 CDT 2014,0.046630325
10999,Tue May 22 07:47:34 CDT 2012,0.361333822
9257,Sun Aug 25 13:33:34 CDT 2013,0.47381848790000003
13170,Fri Apr 06 22:24:01 CDT 2012,0.3851735998
831,Mon Aug 23 11:37:32 CDT 2010,0.6324108756
155081,Wed Feb 10 22:41:26 CST 2010,0.6460476995000001
5421,Sun May 24 08:56:26 CDT 2009,0.144059177
14,Tue Nov 01 13:48:13 CDT 2011,0.6250566727
19716,Sun Jun 29 23:37:03 CDT 2014,0.7261534523000001
6445,Sat Nov 05 18:57:54 CDT 2016,0.306250662
13650,Fri Dec 14 08:59:09 CST 2012,0.8827713371
34823,Fri Jul 23 08:23:46 CDT 2010,0.8550943908
92,Sun Mar 29 04:36:27 CDT 2015,0.7477396310000001
8742,Sat Oct 22 12:31:22 CDT 2016,0.1326317954
867930,Fri Jan 28 19:39:24 CST 2011,0.7770093189
402131,Fri Sep 16 02:16:04 CDT 2011,0.1366034368
43712,Mon Jun 23 10:37:55 CDT 2014,0.2094059889
50534,Mon May 11 09:41:52 CDT 2009,0.8728331579
14342,Sun Jul 01 21:25:36 CDT 2012,0.7477396310000001
26133,Tue Jul 19 12:32:03 CDT 2016,0.0081542199
6104,Wed Jan 09 18:37:53 CST 2013,0.4630015081
25572,Sun May 31 18:59:42 CDT 2015,0.9157541534
719,Tue Feb 01 09:58:59 CST 2011,0.4689604384
16288,Mon Jul 27 13:22:00 CDT 2009,0.5302743131000001
19939,Tue May 12 11:47:51 CDT 2015,0.3103546088
1862,Mon Feb 16 08:36:58 CST 2009,0.6847148251
2055,Mon Jul 23 15:16:21 CDT 2007,0.016433198700000002
52,Tue Feb 03 13:44:20 CST 2015,0.155074196
1862,Thu Mar 12 12:57:14 CDT 2009,0.8748856375
14091,Sat Jul 21 10:14:16 CDT 2012,0.2745713957
21630,Mon Jun 06 12:12:28 CDT 2011,0.0694824168
30107,Thu Mar 19 14:00:00 CDT 2009,0.7908977142
347,Thu Jun 04 01:38:34 CDT 2009,0.7849671191
13528,Fri Apr 22 02:53:59 CDT 2016,0.5898808173
30256,Tue Mar 08 09:03:07 CST 2011,0.4294183346
7268,Sat Mar 14 16:43:45 CDT 2009,0.2970450714
9316,Wed Jun 25 10:47:18 CDT 2014,0.3028556244
1329694,Mon Apr 19 19:22:15 CDT 2010,0.5285944385
193,Fri Jan 31 22:05:01 CST 2014,0.8412908054
2451,Fri Aug 26 13:17:34 CDT 2016,0.45214816280000003
114,Fri Apr 09 19:24:00 CDT 2010,0.3893265448
115118,Mon Jan 11 13:19:56 CST 2010,0.4101915289
51327,Sun Sep 07 11:28:48 CDT 2008,0.7602360899
50606,Wed Feb 18 20:12:55 CST 2009,0.2962550754
45,Sun Jun 21 08:50:57 CDT 2015,0.7477396310000001
44941,Sat Oct 24 10:43:10 CDT 2015,0.45441632060000003
14190,Tue Nov 18 22:35:13 CST 2008,0.1163783936
5047,Fri Aug 27 19:11:39 CDT 2010,0.3909626914
8111,Sat Dec 24 16:25:52 CST 2011,0.5864179875000001
114,Tue Sep 18 18:24:32 CDT 2012,0.3549377507
6848,Sat Oct 01 16:29:12 CDT 2016,0.5431817098
3,Tue Oct 04 13:20:41 CDT 2016,0.19235536120000002
2592,Mon Nov 21 21:30:13 CST 2016,0.1510844005
102952,Thu May 26 15:39:43 CDT 2016,0.7281733863000001
902957,Wed Apr 23 23:06:19 CDT 2014,0.5784352219000001
818,Fri Jan 27 15:01:47 CST 2012,0.7870513297
14836,Fri Aug 05 00:59:16 CDT 2011,0.2181068885
29797,Sat Oct 04 10:13:22 CDT 2008,0.6552265847000001
8651,Tue Oct 25 11:40:55 CDT 2016,0.6584289624
2289,Fri Nov 25 17:08:59 CST 2016,0.218566216
180989,Mon Feb 18 21:04:38 CST 2013,0.053366887
4980,Sun Oct 23 17:01:05 CDT 2016,0.3717486599
1774,Tue Aug 05 23:15:17 CDT 2014,0.35565718300000004
34266,Fri Feb 03 08:09:33 CST 2012,0.5871054513
39594,Fri May 17 00:17:08 CDT 2013,0.6412054127
13508,Fri Mar 07 08:56:00 CST 2014,0.1051662102
34134,Sun Oct 03 15:37:01 CDT 2010,0.2171233655
154,Thu Apr 16 04:38:10 CDT 2009,0.0334454802
7261,Tue Mar 29 10:26:40 CDT 2016,0.0315012369
36668,Wed Sep 12 23:07:24 CDT 2012,0.7870513297
5582,Mon Dec 24 12:07:22 CST 2012,0.2181213256
31954,Fri Mar 04 02:05:32 CST 2011,0.6119125139
111041,Wed Aug 20 14:28:28 CDT 2014,0.1675194069
36312,Wed Mar 26 02:39:26 CDT 2014,0.0958500625
70480,Wed Nov 19 04:06:14 CST 2014,0.5753849901
33037,Tue Mar 22 16:53:08 CDT 2016,0.5944140763
220763,Wed Jan 14 14:20:22 CST 2009,0.6842263327
52171,Fri Sep 14 10:03:46 CDT 2012,0.5722147135
18633,Wed May 18 19:33:16 CDT 2016,0.0640646486
110103,Fri Feb 10 18:07:40 CST 2012,0.21223328430000002
908,Fri Feb 05 23:24:33 CST 2010,0.0177870759
179280,Sat Oct 12 22:55:18 CDT 2013,0.12564584880000002
16485,Mon Mar 23 11:20:19 CDT 2009,0.12928819660000002
11343,Fri Jun 08 15:10:07 CDT 2012,0.7477396310000001
19241,Sun Jun 22 23:37:42 CDT 2014,0.1338067152
520,Wed Nov 30 13:19:54 CST 2016,0.09610540790000001
2164,Tue Nov 22 02:27:50 CST 2016,0.5005209934
714672,Mon Jun 06 12:20:55 CDT 2011,0.6905652870000001
888,Mon Oct 06 14:40:01 CDT 2014,0.8802088699
3690,Wed Nov 18 07:07:10 CST 2015,0.4199406154
11389,Wed Mar 30 08:22:39 CDT 2011,0.1489694398
19448,Mon Aug 09 16:47:59 CDT 2010,0.5173678201
4040,Sat Nov 05 15:06:48 CDT 2016,0.1550433634
59144,Fri May 20 18:03:19 CDT 2016,0.9966554302
515,Mon Sep 26 10:41:35 CDT 2016,0.4395085302
7500,Sat Feb 18 11:20:17 CST 2012,0.9373536322
15229,Thu Sep 01 10:14:39 CDT 2016,0.3963534131
313629,Sun Nov 04 14:57:10 CST 2012,0.4525083734
4550,Fri Aug 05 23:21:13 CDT 2016,0.0595994924
380,Tue Nov 01 21:58:18 CDT 2016,0.1588311663
1169,Thu Mar 10 19:26:44 CST 2011,0.7870513297
3961,Fri Apr 01 20:09:11 CDT 2016,0.887389587
640623,Thu Oct 11 10:03:43 CDT 2012,0.798224542
1667,Wed May 02 22:22:45 CDT 2012,0.1190835786
201986,Sat Sep 11 21:42:36 CDT 2010,0.8778991818
3098,Sun Sep 14 14:04:08 CDT 2008,0.7895089664
1447,Fri Nov 08 13:38:53 CST 2013,0.0119767306
5671,Mon Dec 29 08:06:29 CST 2008,0.5196655920000001
159344,Fri Jul 29 10:50:11 CDT 2011,0.6616287119
18277,Wed Feb 13 10:01:08 CST 2013,0.5052870722
10100,Fri Feb 20 07:44:03 CST 2015,0.10578787490000001
41869,Sun Jul 03 14:53:03 CDT 2011,0.20995123240000002
72043,Fri Jan 01 00:23:09 CST 2016,0.3904582367
55291,Thu Aug 11 12:10:53 CDT 2016,0.2127929509
107416,Fri May 02 05:10:15 CDT 2008,0.0638760705
56284,Fri Dec 12 13:03:54 CST 2008,0.5605849752000001
1821,Thu Nov 12 08:09:45 CST 2015,0.1304222297
7079,Wed Oct 19 19:29:56 CDT 2016,0.0377775385
2887,Thu Oct 06 08:58:51 CDT 2016,0.067400764
946,Fri Jan 08 02:08:09 CST 2016,0.0071464719000000005
33098,Fri Sep 30 18:38:13 CDT 2016,0.109504765
68414,Thu Aug 27 18:50:07 CDT 2015,0.0494001891
15611,Tue Nov 10 16:58:29 CST 2015,0.5806759536
318,Tue Nov 01 16:48:15 CDT 2016,0.8827713371
69427,Wed Apr 06 14:33:26 CDT 2016,0.12004484480000001
1175,Sun Oct 06 19:32:00 CDT 2013,0.9704450603
41857,Wed Oct 23 21:09:28 CDT 2013,0.3289610087
8291,Tue Dec 25 18:18:13 CST 2012,0.5390748007
40164,Wed Jul 13 21:32:23 CDT 2011,0.9747390833
3312,Thu Jan 01 15:09:18 CST 2009,0.0589230263
35770,Mon Apr 26 13:43:11 CDT 2010,0.1397219104
238,Tue Aug 28 22:19:08 CDT 2012,0.5595562668
2620,Tue Aug 12 17:43:42 CDT 2008,0.9233041564000001
1792928,Tue Mar 06 17:06:18 CST 2012,0.8067617168000001
205729,Thu Feb 24 18:47:03 CST 2011,0.8823339908000001
2107,Sun Oct 02 23:47:18 CDT 2016,0.48758070880000004
136505,Mon Jul 20 06:59:29 CDT 2015,0.0635391656
27978,Sun Jan 09 07:22:38 CST 2011,0.4418846829
18106,Fri Sep 02 18:33:51 CDT 2016,0.0062751832
66615,Thu Oct 25 17:23:47 CDT 2012,0.25634397470000003
16899,Thu Apr 22 07:14:24 CDT 2010,0.7870513297
918,Wed Nov 16 16:03:08 CST 2016,0.0880395648
56233,Fri May 04 23:54:57 CDT 2012,0.0077192902
6263,Thu Apr 05 21:27:23 CDT 2012,0.1417702401
46508,Sat Jul 26 14:04:50 CDT 2014,0.5141466066
38950,Thu Aug 05 08:02:02 CDT 2010,0.8926428039000001
12535,Sat Sep 10 13:46:14 CDT 2016,0.2526723476
200448,Thu Oct 29 11:51:52 CDT 2015,0.3179199437
36695,Mon Sep 29 11:06:41 CDT 2014,0.6861186955
14833,Fri Apr 27 04:08:52 CDT 2007,0.6218371275
860,Thu Jul 09 08:45:12 CDT 2009,0.4881369098
63532,Fri Apr 20 00:55:22 CDT 2012,0.23329123940000002
105649,Tue Jun 16 20:28:41 CDT 2009,0.1737728758
377,Thu Jun 04 00:36:32 CDT 2015,0.20113284550000002
1945,Thu Aug 25 15:38:28 CDT 2011,0.07273926
133064,Thu May 28 16:58:58 CDT 2009,0.28931426250000003
409571,Sun Mar 07 11:09:13 CST 2010,0.2190969626
90608,Fri Nov 27 11:59:56 CST 2015,0.0323797392
2646,Tue Apr 14 03:38:07 CDT 2009,0.5595562668
1011,Tue Feb 17 15:20:56 CST 2009,0.16264340900000002
804,Tue Jan 14 19:28:11 CST 2014,0.0469826631
43120,Sun Jul 27 15:24:30 CDT 2008,0.2553809811
16468,Thu Jan 10 22:46:07 CST 2013,0.8528531445
232,Tue Nov 17 04:32:13 CST 2015,0.2192384471
8308,Thu Mar 03 11:12:53 CST 2016,0.5045751857
9918,Thu Mar 15 08:18:12 CDT 2012,0.6914907022
7025,Mon Nov 17 11:34:20 CST 2008,0.5595562668
30724,Thu Feb 10 07:33:20 CST 2011,0.2089287984
1174,Fri Nov 11 11:25:46 CST 2016,0.0536165802
10666,Wed Apr 27 11:03:34 CDT 2011,0.2284903617
143247,Wed Feb 11 08:25:01 CST 2009,0.48376943180000004
7169,Wed Mar 27 20:29:26 CDT 2013,0.4719687876
73868,Thu Oct 09 14:36:00 CDT 2008,0.8778991818
9791,Sun Nov 01 22:17:54 CST 2015,0.3839527579
118878,Sun Jan 11 17:07:44 CST 2015,0.1493818184
8507,Tue Sep 09 14:57:05 CDT 2014,0.2329900979
1556,Sat Oct 15 12:53:19 CDT 2016,0.6951072617
13326,Sun Oct 19 15:57:50 CDT 2008,0.4160269522
1181,Sat Jun 20 06:15:43 CDT 2009,0.7870513297
60,Fri Oct 21 08:43:20 CDT 2016,0.2256751199
52415,Tue Aug 11 17:42:52 CDT 2015,0.7006195003
208632,Fri Jun 15 12:05:27 CDT 2012,0.3493450515
5127,Thu Oct 28 21:20:05 CDT 2010,0.21340561660000001
13918,Tue Aug 02 16:32:33 CDT 2016,0.5107830308
18183,Mon Feb 27 10:16:40 CST 2012,0.027482597
41820,Tue Aug 04 10:07:00 CDT 2015,0.2951778758
32029,Tue Dec 27 09:56:40 CST 2011,0.2879820374
4627,Wed Apr 18 14:11:17 CDT 2012,0.5005209934
38142,Mon Nov 22 18:24:04 CST 2010,0.15891485060000002
13034,Mon Jun 13 12:02:59 CDT 2016,0.49354468900000004
8900,Sat Aug 29 19:39:27 CDT 2009,0.37098747800000004
670,Tue Sep 13 09:30:01 CDT 2016,0.3604985814
954,Tue Nov 01 08:42:17 CDT 2011,0.2636875544
35891,Wed Jan 14 05:07:33 CST 2009,0.6509292739
13787,Tue Feb 03 05:44:28 CST 2015,0.1956819502
118762,Tue Jan 20 12:58:36 CST 2009,0.40160212910000004
14641,Wed Jul 22 13:25:19 CDT 2009,0.129678246
28968,Sat Jul 18 20:25:05 CDT 2015,0.0221828469
53635,Wed Jan 12 12:39:52 CST 2011,0.2663338428
8292,Tue Nov 13 05:06:42 CST 2012,0.44670281430000003
5611,Sat Jan 09 04:28:35 CST 2016,0.8229299384000001
88505,Sat Oct 03 16:23:21 CDT 2009,0.8827713371
9485,Sat Apr 26 16:29:55 CDT 2014,0.5595562668
1782,Tue Jan 13 16:49:41 CST 2015,0.9368682267
3300,Tue Sep 22 11:42:05 CDT 2015,0.7261534523000001
1676,Sat Nov 26 14:25:10 CST 2016,0.7962730361
569319,Mon Feb 09 18:01:23 CST 2015,0.4012792543
52601,Sat Jul 23 18:16:14 CDT 2016,0.2608321632
5,Sat Apr 11 04:50:53 CDT 2015,0.8827713371
6249,Sat Feb 25 15:05:07 CST 2012,0.049304567800000004
37564,Wed Jun 29 10:28:06 CDT 2011,0.1164173495
47321,Tue Nov 17 06:37:29 CST 2009,0.09369645700000001
190,Sun Jul 21 12:37:43 CDT 2013,0.8802088699
115,Thu Mar 26 19:09:15 CDT 2009,0.5753355667
6219,Mon Mar 09 19:36:26 CDT 2009,0.8286087777000001
13884,Thu Apr 02 18:46:34 CDT 2009,0.0561800992
40439,Thu Nov 05 15:13:33 CST 2015,0.1771125962
33842,Fri Jul 08 11:44:12 CDT 2011,0.6833233443000001
15325,Tue Oct 11 09:56:42 CDT 2016,0.1772028012
397,Tue Nov 29 14:46:20 CST 2016,0.0467467031
81461,Sat Feb 21 10:13:24 CST 2009,0.7951229224
25,Sun Dec 04 15:38:50 CST 2016,0.0417437175
17559,Tue Jan 04 16:24:08 CST 2011,0.6942829167
48,Mon Jul 18 14:52:18 CDT 2016,0.7870513297
21218,Mon Feb 14 18:33:50 CST 2011,0.0450703183
10854,Thu Jul 11 19:43:11 CDT 2013,0.675345065
7882,Fri Jul 22 21:40:50 CDT 2011,0.6833233443000001
8197,Sat Apr 12 14:48:49 CDT 2014,0.0283299184
949,Fri Jan 08 02:08:09 CST 2016,0.3157257066
12807,Fri Nov 09 13:37:19 CST 2012,0.4722118838
26227,Sun Oct 12 17:56:22 CDT 2014,0.0868823402
45668,Tue Feb 08 21:20:51 CST 2011,0.4189526964
16402,Mon Jan 18 10:07:58 CST 2016,0.6861767520000001
1903523,Sun Aug 31 03:08:26 CDT 2014,0.1887406867
40602,Mon May 06 08:45:27 CDT 2013,0.7322408747
136519,Mon Jul 20 06:59:29 CDT 2015,0.0058136842000000005
490,Tue Jan 26 01:16:16 CST 2010,0.1253771193
12048,Tue May 22 12:07:32 CDT 2012,0.806233394
107312,Wed Apr 08 20:10:00 CDT 2009,0.4886562968
25282,Mon Feb 15 14:13:49 CST 2010,0.5595562668
10722,Wed Nov 02 20:15:12 CDT 2016,0.5435923366000001
350066,Fri May 03 18:08:54 CDT 2013,0.048300437700000004
19256,Thu Oct 03 09:31:13 CDT 2013,0.0589230263
125680,Mon Nov 08 19:07:06 CST 2010,0.5988970887
33535,Sun Feb 15 22:56:32 CST 2015,0.7963035146
6417,Fri Oct 28 08:55:07 CDT 2011,0.0315012369
8307,Fri May 27 19:04:28 CDT 2016,0.1382605731
55406,Fri Mar 04 15:57:39 CST 2011,0.0958500625
81,Mon Nov 28 23:20:03 CST 2016,0.0289670759
11663,Sat Dec 06 10:45:44 CST 2014,0.8356099256
11735,Wed May 13 04:11:36 CDT 2009,0.1274168759
47706,Tue Jun 14 11:45:10 CDT 2016,0.9103368451
20,Thu Jul 28 17:23:44 CDT 2016,0.0345200367
105006,Fri Nov 16 13:37:09 CST 2012,0.8827713371
1894,Sun Feb 03 14:05:57 CST 2013,0.4171386181
2228,Fri Mar 08 08:08:32 CST 2013,0.5595562668
744,Tue Feb 01 09:02:37 CST 2011,0.2850838396
674,Tue Sep 13 09:30:01 CDT 2016,0.8770914794
7704,Mon Jan 17 15:12:41 CST 2011,0.3963534131
379783,Sun Nov 22 21:58:00 CST 2015,0.0565133654
19573,Sun Nov 01 17:50:43 CST 2015,0.708232003
16397,Wed Apr 08 11:36:28 CDT 2009,0.0293003743
201865,Thu Mar 31 00:48:47 CDT 2016,0.6452216980000001
29589,Mon Feb 16 02:33:41 CST 2015,0.2945922166
16,Fri Nov 18 00:21:42 CST 2016,0.11764938820000001
39797,Sun Sep 22 17:07:20 CDT 2013,0.1501746008
25548,Sat May 31 13:14:15 CDT 2014,0.6798529336
30471,Sun Jul 14 20:22:33 CDT 2013,0.9219862052000001
72753,Thu Oct 31 21:05:10 CDT 2013,0.1373641216
17534,Mon Apr 11 19:30:45 CDT 2016,0.1737259949
874,Wed Nov 09 09:25:02 CST 2011,0.7543205377000001
10651,Sun Jun 01 19:27:51 CDT 2008,0.2505660777
40166,Wed Jul 13 21:32:23 CDT 2011,0.589781756
171956,Mon Feb 20 11:12:34 CST 2012,0.7815645666000001
34913,Mon Nov 28 10:23:15 CST 2011,0.5694794117
2480,Sat Feb 16 18:06:58 CST 2013,0.7392101139
136,Fri Nov 12 06:16:12 CST 2010,0.2941142645
610,Mon Jul 13 15:12:04 CDT 2015,0.0167785271
118881,Sun Aug 01 18:48:06 CDT 2010,0.195259025
1,Wed Dec 28 07:05:18 CST 2011,0.5647643459
1635,Fri Jul 15 22:30:08 CDT 2016,0.1638476818
1865,Wed Nov 19 11:50:22 CST 2008,0.7554986198
170566,Sat Aug 18 09:08:33 CDT 2012,0.2106776076
5713,Mon Jun 06 17:29:03 CDT 2016,0.0868823402
28405,Fri Mar 12 12:37:07 CST 2010,0.2695351331
26521,Sat Sep 24 01:08:20 CDT 2016,0.6870570652
19,Mon Jan 12 21:27:15 CST 2009,0.1980344054
760,Fri Nov 09 12:53:57 CST 2012,0.24918986240000002
1284,Mon Feb 15 17:33:51 CST 2010,0.7375399408000001
42224,Tue Apr 21 10:57:39 CDT 2009,0.7870513297
20034,Sat Jun 20 10:25:04 CDT 2009,0.23921009580000002
8369,Fri Aug 22 20:19:04 CDT 2008,0.0934215707
18980,Wed Mar 02 16:02:01 CST 2011,0.7261534523000001
1718,Mon Oct 07 20:19:05 CDT 2013,0.051255026
1659,Tue Feb 24 18:35:57 CST 2015,0.1820543412
10,Tue Nov 15 23:47:14 CST 2016,0.8720438490000001
4145,Tue Oct 14 14:44:07 CDT 2014,0.2214156603
2461,Sat Apr 16 16:29:09 CDT 2016,0.28846659010000003
32518,Thu Sep 10 00:34:32 CDT 2009,0.1982144793
29828,Fri Feb 08 13:09:21 CST 2013,0.0645890784
16131,Tue Oct 04 19:59:38 CDT 2016,0.40160212910000004
161,Mon Nov 23 11:25:39 CST 2015,0.6259076125
12244,Wed May 21 01:24:48 CDT 2014,0.5595562668
2794,Mon Jun 06 17:38:50 CDT 2011,0.2962550754
3341,Fri Jun 19 12:31:27 CDT 2009,0.3209427843
17209,Sun Sep 11 01:38:11 CDT 2016,0.8774987073
587,Sun Mar 01 02:57:55 CST 2015,0.32453319610000003
216071,Fri Oct 24 04:32:30 CDT 2008,0.7614016148
9243,Mon Aug 02 08:30:39 CDT 2010,0.7054155907
8429,Mon May 23 09:37:18 CDT 2011,0.2094059889
15508,Sat Aug 09 08:05:45 CDT 2014,0.7477396310000001
18592,Wed Oct 08 16:07:21 CDT 2014,0.16206195680000002
28890,Tue Jan 06 20:43:21 CST 2009,0.0545050034
14901,Wed Aug 17 00:43:41 CDT 2016,0.8774987073
2203,Thu Apr 28 18:53:38 CDT 2016,0.5352381163000001
162,Sun Nov 20 08:39:25 CST 2016,0.4928912834
73353,Fri May 20 20:16:22 CDT 2016,0.9841981905
20738,Tue Jul 22 20:25:28 CDT 2014,0.5575883386
262,Thu May 01 10:34:18 CDT 2014,0.2404221423
16384,Thu Jul 28 17:21:59 CDT 2016,0.8774987073
256643,Sat Sep 05 23:53:31 CDT 2015,0.0931073967
62201,Wed Jan 27 12:00:59 CST 2016,0.1417702401
116083,Tue Oct 20 18:12:37 CDT 2009,0.38457259050000003
4707,Fri Apr 01 12:03:59 CDT 2011,0.8221199475000001
3666,Mon Jul 02 16:55:23 CDT 2012,0.48572508470000003
10940,Fri Sep 02 20:45:12 CDT 2011,0.2374470561
32206,Thu May 21 11:31:20 CDT 2009,0.4325381258
3966,Sat Apr 26 14:09:22 CDT 2014,0.757493744
74,Wed May 04 13:26:15 CDT 2016,0.2379246964
35038,Sat Apr 03 19:45:24 CDT 2010,0.4834306152
84901,Tue Mar 20 12:58:39 CDT 2012,0.5893782509000001
1182810,Sat Jun 25 02:24:02 CDT 2011,0.5718714839
793,Wed Nov 18 22:26:28 CST 2015,0.9253325958
6402,Tue Jan 05 11:45:22 CST 2016,0.9740644294
533,Wed Mar 25 20:39:24 CDT 2009,0.7669218385000001
27378,Thu Aug 11 06:57:16 CDT 2016,0.8774987073
306794,Wed Mar 02 17:48:45 CST 2011,0.2736502249
27202,Wed Aug 17 17:31:24 CDT 2016,0.8774987073
132060,Mon Sep 14 15:00:22 CDT 2009,0.17751084520000002
11310,Wed Jan 20 00:04:21 CST 2016,0.1030145023
26422,Tue Oct 18 21:44:28 CDT 2011,0.0167785271
306321,Sat Jun 20 20:46:23 CDT 2009,0.5484179693
18528,Fri Jun 19 15:44:56 CDT 2009,0.0177870759
515,Sat Feb 28 21:33:47 CST 2015,0.4458922857
66276,Mon May 25 11:18:38 CDT 2009,0.2546386992
16919,Wed Jul 20 12:35:18 CDT 2016,0.8774987073
3556,Tue Sep 22 11:43:58 CDT 2009,0.0177870759
4094,Fri Dec 11 22:58:51 CST 2009,0.5416210186
24948,Mon Jan 05 03:25:14 CST 2009,0.8204827903
338371,Sun Dec 26 16:37:20 CST 2010,0.6418322584
15367,Thu Aug 18 08:23:58 CDT 2016,0.8774987073
19299,Mon Apr 25 09:56:17 CDT 2016,0.2316693149
13654,Thu Oct 11 21:51:49 CDT 2012,0.5893782509000001
86967,Wed Jul 04 17:28:21 CDT 2012,0.0243945715
15437,Thu Sep 17 13:30:06 CDT 2015,0.7682211553
16658,Thu Aug 18 09:12:49 CDT 2016,0.8774987073
17339,Wed Jul 20 11:36:41 CDT 2016,0.8774987073
7516,Wed Sep 04 04:12:39 CDT 2013,0.8993923042
18659,Fri Feb 01 11:58:01 CST 2013,0.27950131370000003
299,Thu Dec 02 11:57:45 CST 2010,0.6987173576
17890,Mon Feb 17 14:34:07 CST 2014,0.23120357290000002
4464,Tue Sep 01 14:24:32 CDT 2015,0.7808485972
53738,Wed Dec 17 00:38:31 CST 2008,0.0604894237
65074,Wed Apr 21 09:28:28 CDT 2010,0.633529941
2944,Fri Oct 14 21:20:59 CDT 2011,0.027864793000000002
80,Sun Apr 18 08:00:42 CDT 2010,0.2845158691
843,Thu Apr 21 09:11:41 CDT 2011,0.39252717340000004
16048,Sat May 18 02:16:47 CDT 2013,0.7261534523000001
2668,Fri Jan 09 14:11:09 CST 2009,0.7533801046
664665,Sat Dec 13 19:43:30 CST 2008,0.3591471404
14543,Mon Jul 02 23:13:21 CDT 2012,0.0859932535
1736,Sat Oct 23 11:28:17 CDT 2010,0.5747186382
78,Thu Jun 25 12:48:07 CDT 2015,0.5595562668
49381,Sun Apr 25 12:47:14 CDT 2010,0.8533988869
33592,Mon Jul 15 14:51:24 CDT 2013,0.1498850206
231,Sat Feb 07 09:22:07 CST 2015,0.0550614429
10371,Sat Jun 22 18:29:49 CDT 2013,0.41122360150000004
38399,Thu Aug 20 14:57:29 CDT 2015,0.5660406321
177409,Wed Nov 13 12:32:57 CST 2013,0.7182922688000001
5569,Sat Jul 23 06:51:34 CDT 2016,0.008255071000000001
17225,Thu Aug 18 12:21:17 CDT 2016,0.8774987073
13351,Sun Jun 26 00:18:07 CDT 2016,0.1874793741
254212,Fri Apr 03 13:52:04 CDT 2015,0.7702902260000001
808,Mon Sep 22 10:18:31 CDT 2014,0.6347744151
14217,Thu Jun 12 09:11:57 CDT 2014,0.3180435815
92554,Sat Apr 04 09:38:18 CDT 2009,0.4606913804
139552,Sat Oct 18 21:32:27 CDT 2008,0.7303524213
20084,Mon Nov 10 21:33:20 CST 2008,0.031974960000000004
11286,Tue Mar 31 16:11:13 CDT 2015,0.5563773568
108347,Thu Oct 11 22:27:09 CDT 2012,0.0315012369
36123,Thu Nov 21 13:51:15 CST 2013,0.0541523567
5184,Mon Dec 01 21:47:14 CST 2008,0.0143886967
33418,Tue May 03 01:55:11 CDT 2011,0.25485669180000003
23462,Wed Aug 06 15:47:24 CDT 2014,0.3221097163
1213,Sun May 08 00:33:36 CDT 2016,0.2541956754
6237,Fri May 29 12:22:11 CDT 2009,0.0440220383
53293,Mon Sep 05 17:21:31 CDT 2016,0.1646797976
30022,Tue Mar 17 12:46:48 CDT 2009,0.0240232521
22456,Tue Jul 09 15:31:23 CDT 2013,0.6221550895
30731,Wed Apr 06 11:47:35 CDT 2016,0.0315012369
30948,Tue Feb 02 08:57:52 CST 2010,0.2141237675
30732,Wed Apr 06 11:47:35 CDT 2016,0.7261534523000001
16303,Mon Apr 20 08:51:26 CDT 2009,0.1857374691
323190,Wed Aug 10 07:29:21 CDT 2016,0.20639057260000002
219123,Fri Sep 07 21:59:17 CDT 2012,0.0177870759
19036,Mon Jun 08 10:50:47 CDT 2009,0.9110763388
169,Sat Dec 12 11:36:47 CST 2015,0.028243669500000002
194,Thu Oct 27 02:13:05 CDT 2011,0.8229299384000001
1396,Tue Sep 22 21:00:35 CDT 2015,0.9854755267
2671,Mon Jun 07 12:20:16 CDT 2010,0.5656714356
197041,Thu May 21 08:25:04 CDT 2009,0.6658457629
43303,Sat Jul 11 14:39:30 CDT 2009,0.508078216
302,Tue May 12 19:43:01 CDT 2015,0.8226020432000001
186177,Fri Feb 01 11:56:15 CST 2013,0.046993843800000004
38854,Wed Mar 18 22:13:45 CDT 2009,0.2181068885
9407,Tue Jul 15 22:08:57 CDT 2014,0.2112457131
212,Sat Sep 03 14:00:51 CDT 2011,0.1286732705
2199,Sat Mar 14 12:44:10 CDT 2009,0.18056655
19947,Sun May 05 12:33:00 CDT 2013,0.4214845157
108,Thu Feb 05 13:03:23 CST 2009,0.154052088
1075,Sun Jul 31 11:58:04 CDT 2016,0.0242911076
2176,Sat Jul 23 21:36:57 CDT 2016,0.0315012369
9610,Sat Jun 20 14:08:30 CDT 2009,0.4798762568
111208,Mon Mar 26 06:45:28 CDT 2012,0.0676458602
153143,Thu Dec 11 20:08:07 CST 2008,0.3319653325
15954,Sun Mar 15 07:38:56 CDT 2009,0.6197168415000001
2903,Wed Jun 17 21:08:10 CDT 2015,0.0495256527
24947,Fri Jun 17 23:36:09 CDT 2016,0.2421639166
98345,Tue Mar 08 11:17:22 CST 2016,0.244459635
5478,Wed Jul 29 13:04:45 CDT 2015,0.4467064546
68557,Thu Mar 27 23:00:50 CDT 2014,0.1147029455
1367,Thu Oct 04 17:54:45 CDT 2012,0.7525966239
62958,Wed Jan 16 21:42:45 CST 2013,0.8729989799000001
248,Mon Jul 25 18:12:54 CDT 2016,0.9679439229000001
33936,Mon Sep 28 23:32:53 CDT 2009,0.7560953985000001
220341,Sun Aug 15 00:07:19 CDT 2010,0.0840437247
113,Mon Dec 05 17:18:09 CST 2016,0.3701456214
41268,Mon Feb 23 08:44:45 CST 2009,0.13176069440000002
13149,Tue Jul 09 09:03:32 CDT 2013,0.11644102690000001
3203,Fri Oct 14 11:33:25 CDT 2016,0.8827713371
25783,Fri May 27 16:42:22 CDT 2016,0.012808902300000001
25390,Fri May 27 17:35:52 CDT 2016,0.012808902300000001
4725,Sat May 14 09:32:30 CDT 2016,0.012808902300000001
3688,Mon Apr 25 11:20:17 CDT 2016,0.012808902300000001
6124,Fri Apr 03 11:43:13 CDT 2009,0.8561482662000001
128662,Sat Jun 09 20:29:14 CDT 2012,0.7729738923
10332,Wed May 27 18:06:10 CDT 2015,0.5299729549000001
44277,Fri Jan 11 08:43:30 CST 2013,0.6843135549
3647,Thu May 16 16:59:56 CDT 2013,0.8741034379
8419,Sun Aug 21 08:54:30 CDT 2016,0.3112453187
123,Sun Mar 29 16:38:55 CDT 2009,0.8762230740000001
5278,Wed Mar 30 13:27:35 CDT 2016,0.21460938810000002
104000,Sat Jan 22 23:09:02 CST 2011,0.5581896328
265204,Sat Oct 18 23:50:02 CDT 2014,0.9726079313
1817,Sun Feb 27 14:36:49 CST 2011,0.3292363663
23662,Fri Apr 22 17:36:24 CDT 2016,0.9075141324
1525,Thu Jun 23 08:14:42 CDT 2016,0.16478260120000002
8203,Fri Aug 07 11:37:58 CDT 2009,0.48989670150000003
7026,Sun Sep 09 08:34:01 CDT 2012,0.12379154760000001
15215,Tue Jul 07 05:45:21 CDT 2015,0.8713082067
130313,Fri Jun 19 07:10:32 CDT 2009,0.361333822
60317,Thu Apr 28 20:20:16 CDT 2011,0.8803157175
71970,Sat Aug 20 07:03:04 CDT 2011,0.0495256527
8343,Sat Aug 10 23:56:44 CDT 2013,0.8827713371
162785,Thu Jun 06 14:22:08 CDT 2013,0.7261534523000001
233,Fri Aug 21 19:33:31 CDT 2015,0.5353201209
26938,Fri Aug 19 14:09:56 CDT 2016,0.48921533710000004
7777,Sat Jul 09 13:16:28 CDT 2016,0.0076949154
15138,Fri Oct 02 12:32:36 CDT 2015,0.1474433669
19,Sun Oct 09 19:20:13 CDT 2016,0.4080625245
47202,Mon Feb 18 18:32:04 CST 2008,0.30821894910000003
108,Mon Nov 28 14:33:26 CST 2016,0.7942872808
208405,Sun May 25 21:25:24 CDT 2008,0.2589602221
157070,Mon Feb 09 20:05:40 CST 2015,0.1545383866
14575,Sat Nov 03 15:33:07 CDT 2012,0.1200884572
6026,Mon Apr 11 05:42:31 CDT 2016,0.40070583470000004
3358,Tue Jul 20 18:44:18 CDT 2010,0.9584606732000001
5209,Tue Jul 19 14:22:54 CDT 2016,0.0971046541
32020,Thu Jun 10 17:48:05 CDT 2010,0.0021221228
176123,Sun Mar 27 03:26:14 CDT 2016,0.7149726647
120147,Mon Feb 10 02:16:47 CST 2014,0.6231531066
458,Fri Dec 14 11:04:51 CST 2012,0.5595562668
225,Thu Oct 24 09:17:39 CDT 2013,0.6043902487
14320,Wed Mar 04 20:50:36 CST 2015,0.2708459023
27899,Thu May 21 11:05:17 CDT 2009,0.1526285165
21646,Fri Apr 22 05:27:53 CDT 2016,0.5440703789
15794,Mon Aug 26 07:20:53 CDT 2013,0.46271389230000004
22839,Sun Dec 07 19:19:07 CST 2014,0.8580726988
100449,Thu Mar 19 05:44:17 CDT 2009,0.6981167053
24820,Mon Aug 31 12:59:45 CDT 2009,0.1808255583
3246,Sat Feb 07 02:20:45 CST 2009,0.6324053035
131329,Tue Mar 10 08:43:21 CDT 2009,0.1188837942
23485,Tue Sep 29 18:18:13 CDT 2015,0.6602453372
7078,Fri Feb 26 01:52:31 CST 2010,0.7841253378
17735,Tue May 03 17:33:14 CDT 2011,0.40469168120000004
16079,Sat Feb 20 05:54:05 CST 2016,0.4971444695
120399,Wed Nov 27 15:04:45 CST 2013,0.1888279726
89850,Tue Nov 10 00:41:18 CST 2015,0.1549870068
432,Thu Jun 11 14:03:24 CDT 2009,0.0152687924
273,Thu Dec 18 20:16:17 CST 2014,0.6783394655
3991,Mon Aug 17 13:10:35 CDT 2015,0.0120241632
72864,Tue Feb 05 07:18:11 CST 2013,0.8550943908
1880,Thu Jan 28 09:02:34 CST 2010,0.0736160033
9456,Tue Feb 14 13:31:07 CST 2012,0.1263335568
50534,Thu Dec 01 15:32:11 CST 2011,0.5716399054
16458,Wed Mar 30 19:38:53 CDT 2016,0.5347991397
9244,Sat Jan 26 23:06:17 CST 2013,0.0034567104
10131,Wed May 19 02:28:13 CDT 2010,0.5477536212
46352,Sat Dec 29 15:46:43 CST 2012,0.1204054014
17708,Mon May 30 18:45:07 CDT 2016,0.33691549130000004
965,Sat Apr 25 12:45:45 CDT 2015,0.3667612952
591,Wed Feb 13 18:26:17 CST 2013,0.7456470926000001
76874,Sat Mar 28 11:24:51 CDT 2009,0.4603436034
6141,Fri Mar 15 16:31:12 CDT 2013,0.0680844201
230,Thu Jun 06 19:10:11 CDT 2013,0.0938595153
2670,Thu Mar 10 18:41:14 CST 2011,0.2531259862
47,Wed Mar 18 21:47:08 CDT 2009,0.1062274658
635,Sun Nov 13 10:48:32 CST 2016,0.22310938260000002
366,Thu Dec 01 17:43:34 CST 2011,0.7328692963
2012,Sun Jun 10 15:33:37 CDT 2012,0.4262194502
3130,Tue Oct 13 10:28:01 CDT 2009,0.34108765300000005
12821,Wed Jan 19 21:55:38 CST 2011,0.206536129
14101,Wed Aug 26 23:28:13 CDT 2009,0.19802669620000002
5427,Thu Sep 29 21:31:49 CDT 2016,0.21758352690000002
3749,Mon Jun 18 21:43:29 CDT 2012,0.1608694524
1963,Wed Jun 03 11:47:44 CDT 2015,0.2863033931
77101,Fri Nov 18 12:38:30 CST 2011,0.0089210443
4871,Sat Aug 20 23:09:25 CDT 2016,0.5299729549000001
11683,Sun Oct 14 11:20:55 CDT 2012,0.1638476818
12998,Tue Apr 17 23:16:23 CDT 2012,0.6531400849
16443,Thu Mar 05 15:58:32 CST 2015,0.7619064485
7483,Wed Oct 03 21:46:49 CDT 2012,0.009166276000000001
10604,Thu Nov 20 22:39:14 CST 2014,0.7525966239
32868,Sat May 23 21:00:20 CDT 2009,0.4434417418
54157,Sat May 24 07:23:09 CDT 2014,0.5493305475
20028,Sun Aug 26 14:55:56 CDT 2012,0.2542965688
41660,Sun Jan 18 04:29:27 CST 2009,0.11208461300000001
17708,Mon May 30 18:45:07 CDT 2016,0.3140580269
4841,Sat Mar 26 15:17:55 CDT 2011,0.798224542
16230,Sat Jul 23 22:51:18 CDT 2016,0.0384451989
4569,Mon Dec 29 18:42:23 CST 2008,0.056125276200000004
670,Thu May 02 15:25:41 CDT 2013,0.2030851943
6739,Sun Mar 20 22:08:14 CDT 2016,0.0548277717
2396,Sun Sep 22 16:29:26 CDT 2013,0.0070215601
16544,Wed Nov 09 18:49:46 CST 2011,0.5644822211
80167,Tue May 12 16:52:19 CDT 2009,0.1858874923
1288,Fri Jun 03 20:49:01 CDT 2011,0.0942668012
7929,Tue Oct 18 10:50:20 CDT 2016,0.38284764190000004
4241,Sun Feb 21 19:57:03 CST 2016,0.30954607440000004
12065,Mon Nov 16 07:39:16 CST 2009,0.0181590622
58237,Wed Aug 24 18:22:44 CDT 2011,0.2279611209
15406,Wed Mar 23 10:54:05 CDT 2016,0.8599260616000001
1234,Mon Nov 03 13:25:20 CST 2014,0.17277861320000001
7193,Sun Jun 05 16:23:42 CDT 2016,0.633529941
32,Sat Apr 02 17:06:16 CDT 2016,0.2977948864
28265,Sat Mar 05 11:33:00 CST 2016,0.16568978080000002
38,Wed Aug 10 18:26:20 CDT 2016,0.9239607405
19733,Fri Jun 14 21:54:59 CDT 2013,0.46324210660000004
46555,Tue Nov 04 04:38:22 CST 2014,0.3210601663
226852,Sat Mar 03 20:59:29 CST 2012,0.4775299089
26,Mon Jan 19 19:36:21 CST 2015,0.7062223488
16940,Sat Jun 20 11:37:38 CDT 2009,0.27923493580000003
24898,Thu Jul 23 11:22:59 CDT 2009,0.0440220383
11447,Fri Dec 12 11:17:34 CST 2014,0.4082373342
45761,Fri Feb 20 20:30:03 CST 2009,0.7010842779
307566,Thu Sep 06 02:14:03 CDT 2012,0.055202386400000004
382,Tue May 29 23:01:35 CDT 2012,0.3045738764
128755,Sat Jul 02 20:41:43 CDT 2011,0.09031386200000001
3558,Wed Dec 03 11:14:39 CST 2008,0.1394425099
2756,Wed Jan 13 10:21:09 CST 2016,0.5716137806
232211,Wed Nov 26 19:24:57 CST 2008,0.5193781949
650,Tue Nov 29 13:54:46 CST 2016,0.49403274820000004
20741,Thu Sep 01 21:39:45 CDT 2016,0.021756558000000002
95,Fri Dec 24 06:27:16 CST 2010,0.0233721011
156738,Sat Jun 27 12:33:39 CDT 2009,0.0416398373
8866,Fri Oct 07 23:21:20 CDT 2016,0.3963534131
108654,Thu Feb 08 18:35:02 CST 2007,0.4963753554
39348,Mon Aug 06 11:13:08 CDT 2012,0.0112360794
27192,Fri Mar 18 13:34:51 CDT 2016,0.6707860433
48243,Tue Nov 01 07:26:43 CDT 2011,0.0737741947
39497,Mon Apr 01 02:41:55 CDT 2013,0.7688153734000001
116537,Thu Dec 26 13:21:34 CST 2013,0.44728678790000004
5846,Sat Jan 14 22:33:41 CST 2012,0.660361328
2564,Sat Feb 11 08:02:19 CST 2012,0.6277852792
65516,Fri Jun 19 19:35:18 CDT 2009,0.0224517212
6464,Sat Nov 05 05:28:28 CDT 2016,0.053719048400000004
241271,Tue May 15 04:01:33 CDT 2012,0.3038671948
218,Fri Aug 19 22:58:29 CDT 2016,0.0029969138
26143,Thu Apr 26 06:13:27 CDT 2012,0.058476796600000006
9975,Tue Dec 09 23:17:40 CST 2008,0.8550943908
3134,Fri Oct 21 21:30:43 CDT 2016,0.11983392250000001
8606,Mon Jun 15 17:20:42 CDT 2009,0.6157428231000001
114176,Wed Jan 20 13:45:20 CST 2010,0.004050116
101599,Sun Mar 22 06:54:08 CDT 2009,0.5119991781000001
678,Wed Jul 20 17:41:01 CDT 2011,0.0733302592
46737,Sat Jan 02 08:07:50 CST 2016,0.5506119799
4517,Tue Mar 01 10:37:32 CST 2011,0.35924591040000003
105380,Wed Apr 04 14:45:21 CDT 2012,0.2003310188
165282,Wed Mar 03 17:11:07 CST 2010,0.28533133990000004
105676,Tue Jun 16 20:28:41 CDT 2009,0.5148813587000001
89356,Thu Sep 08 12:18:17 CDT 2011,0.2226213728
112438,Sun Feb 22 07:41:36 CST 2009,0.2934799268
13206,Fri Apr 20 19:58:37 CDT 2012,0.2939745465
12715,Sat Oct 15 08:12:24 CDT 2011,0.94627532
21506,Thu Jun 03 19:20:39 CDT 2010,0.8242325172
487,Thu Nov 03 18:04:21 CDT 2016,0.18056655
10974,Sat Aug 20 22:53:32 CDT 2016,0.1200884572
43241,Wed Jul 22 16:14:21 CDT 2009,0.8013451257
71839,Mon Jun 01 19:44:28 CDT 2015,0.0320284421
13306,Sun Apr 10 10:57:06 CDT 2016,0.6073873033
45709,Sat Apr 18 15:04:09 CDT 2009,0.20991074240000002
26846,Thu Oct 13 11:43:30 CDT 2016,0.4396784053
60848,Wed Aug 17 17:51:35 CDT 2016,0.6679697186
16363,Tue Jan 13 00:14:51 CST 2015,0.3165207631
2583,Wed Mar 21 23:38:08 CDT 2012,0.2770867425
180,Mon Jan 12 18:47:41 CST 2009,0.7440360567000001
6388,Tue Mar 17 17:17:40 CDT 2015,0.3812944494
34230,Sat Dec 22 12:03:57 CST 2012,0.4334415569
92414,Sat Mar 12 18:25:24 CST 2011,0.8726978773
40768,Fri Dec 21 11:16:20 CST 2012,0.37043115330000004
114,Wed Jun 03 08:19:52 CDT 2015,0.9841994473000001
174,Sat May 16 21:26:48 CDT 2009,0.1421005148
535,Sat May 18 13:48:10 CDT 2013,0.8458995556000001
12610,Tue Jan 26 18:08:24 CST 2016,0.5347991397
2956,Tue Aug 09 22:33:02 CDT 2011,0.9739703521
12289,Tue Nov 18 12:45:12 CST 2008,0.7583289590000001
1069,Sun Jul 19 10:26:44 CDT 2015,0.7261534523000001
5485,Thu Aug 13 05:46:29 CDT 2009,0.1165329985
4485,Sat Jun 13 16:22:04 CDT 2009,0.1512121998
1314,Fri Apr 10 13:46:58 CDT 2015,0.5654173258
7143,Sat Apr 21 08:23:37 CDT 2007,0.033750090600000004
9017,Thu Dec 15 16:06:36 CST 2011,0.4644949385
55176,Wed Jun 13 01:48:30 CDT 2012,0.4116296276
2953,Wed Jan 19 09:36:18 CST 2011,0.4421710016
538,Sun Mar 01 03:25:20 CST 2015,0.28606685530000003
24274,Wed Dec 12 10:48:34 CST 2012,0.39399383720000003
12953,Sun Sep 04 19:24:56 CDT 2016,0.2987213922
4878,Mon Oct 31 14:14:01 CDT 2016,0.1640874215
25,Fri Jun 19 09:40:49 CDT 2015,0.7216725046
87761,Tue Mar 29 17:57:00 CDT 2016,0.18792027360000002
60270,Fri Nov 06 19:55:49 CST 2009,0.2987213922
157162,Sun Feb 12 20:26:48 CST 2012,0.0526432305
3196,Mon Oct 22 20:21:24 CDT 2012,0.3979657466
58749,Tue Mar 29 08:43:57 CDT 2011,0.11880258810000001
50572,Fri Nov 18 01:51:33 CST 2016,0.4644949385
4353,Wed Sep 02 14:19:50 CDT 2015,0.7069752828
1360,Mon Mar 23 02:46:07 CDT 2009,0.0495256527
9018,Thu Dec 15 16:06:36 CST 2011,0.8523433298
919,Thu Sep 15 20:39:45 CDT 2016,0.6954637967
5202,Mon Oct 31 13:56:56 CDT 2011,0.0017651880000000002
235153,Sat May 23 17:35:21 CDT 2009,0.277084589
162794,Thu Jun 06 14:22:08 CDT 2013,0.5528818909000001
2684,Fri Oct 07 20:29:00 CDT 2016,0.8081815514
12604,Sat Oct 05 11:52:08 CDT 2013,0.7232668156000001
6156,Sun Sep 25 00:05:36 CDT 2016,0.09635688810000001
522768,Tue May 28 19:14:32 CDT 2013,0.5453083351
25336,Mon Nov 09 20:13:26 CST 2015,0.0129874112
30559,Sat Jun 30 08:27:39 CDT 2012,0.1090794623
1183,Sat Mar 09 09:06:48 CST 2013,0.2181068885
281,Sun Jul 26 19:27:05 CDT 2009,0.48572508470000003
8582,Fri Oct 09 23:37:20 CDT 2009,0.06613684610000001
4797,Sat Jun 20 19:08:06 CDT 2009,0.9092693846000001
263624,Thu Feb 26 15:24:09 CST 2009,0.7988567847
521,Sat Jun 05 20:27:50 CDT 2010,0.7569470434000001
7062,Mon Mar 07 17:37:33 CST 2011,0.1262243424
41519,Sun Feb 15 07:18:34 CST 2009,0.6268944647
21088,Sat Apr 16 17:59:27 CDT 2011,0.3171451135
3053,Thu Jan 29 08:21:44 CST 2009,0.028243669500000002
6776,Mon Dec 31 20:06:14 CST 2012,0.8630942152000001
40010,Sun May 15 12:30:54 CDT 2011,0.09932016390000001
18132,Sat Jul 06 19:58:51 CDT 2013,0.7528210196
1899,Sun Feb 07 13:13:39 CST 2016,0.7769938858000001
4653,Mon Sep 07 08:48:36 CDT 2009,0.9350562253
1032,Sat Jan 23 16:59:07 CST 2016,0.5595562668
8,Tue Jun 28 23:57:10 CDT 2016,0.7870513297
1358,Mon Oct 03 02:23:05 CDT 2016,0.3846894195
31665,Tue Aug 13 12:02:34 CDT 2013,0.4704023154
26780,Thu Mar 27 05:47:03 CDT 2014,0.9820955693000001
4247,Thu Nov 06 08:02:02 CST 2014,0.0227041368
2313,Mon Aug 06 14:55:04 CDT 2012,0.3603099481
38760,Wed May 27 10:54:23 CDT 2009,0.0048029787
6614,Mon Mar 17 18:14:56 CDT 2014,0.0619048243
13511,Thu Jul 07 10:34:43 CDT 2016,0.7594041668
2917,Tue Aug 23 14:37:07 CDT 2016,0.35614804170000003
197064,Thu May 21 08:25:04 CDT 2009,0.3323858152
123361,Thu Mar 17 20:18:56 CDT 2011,0.1728243001
7630,Tue Apr 01 22:34:59 CDT 2008,0.2407783718
10959,Thu Apr 30 21:02:44 CDT 2009,0.6073419798
23538,Thu Mar 03 07:39:10 CST 2016,0.7077531348
168,Mon Sep 05 07:52:07 CDT 2016,0.0902308533
28795,Mon May 20 13:16:00 CDT 2013,0.4937474832
902421,Fri Sep 05 12:38:17 CDT 2008,0.0797561232
7330,Mon Feb 15 13:14:57 CST 2016,0.5049013205
1277,Wed May 20 06:55:35 CDT 2015,0.2871925038
72,Sat Nov 26 18:05:12 CST 2016,0.3611123422
1287,Wed Dec 16 10:36:10 CST 2015,0.43640037600000003
58,Tue Nov 08 11:13:50 CST 2016,0.9724600811
1721,Sat Jan 09 16:25:02 CST 2016,0.0495256527
2320,Thu Dec 29 22:59:15 CST 2011,0.4106708962
12292,Fri Jan 01 17:48:12 CST 2010,0.0467324068
33645,Thu Jun 04 09:53:06 CDT 2009,0.6375693979
47909,Sun Jun 14 16:01:57 CDT 2015,0.2773147495
201,Fri Mar 06 10:11:59 CST 2009,0.25819572760000004
27713,Fri Jan 25 13:00:11 CST 2008,0.5595562668
965,Tue Mar 17 15:14:57 CDT 2009,0.3089721311
4137,Wed Aug 24 19:41:48 CDT 2011,0.5203789004
120189,Sun Aug 18 16:58:51 CDT 2013,0.1991414233
6001,Thu Jun 25 22:02:56 CDT 2009,0.6022708884
1587,Tue Nov 22 11:18:54 CST 2016,0.8141686180000001
12161,Sat Jun 14 00:56:17 CDT 2014,0.0532786554
1310,Mon Dec 08 10:49:40 CST 2014,0.5203789004
1722,Sun Apr 05 09:35:41 CDT 2009,0.890042207
11566,Mon Feb 15 20:32:27 CST 2016,0.056125276200000004
26051,Fri May 28 10:18:57 CDT 2010,0.056125276200000004
38548,Tue Apr 07 17:07:51 CDT 2015,0.2074947906
189713,Mon Oct 15 20:10:45 CDT 2012,0.8722557992000001
33080,Sun Jun 16 12:26:17 CDT 2013,0.8130673004000001
4271,Sat Feb 13 20:14:09 CST 2016,0.7615606381000001
3594,Mon Apr 27 14:51:16 CDT 2009,0.0232780848
15101,Wed Feb 15 16:59:13 CST 2012,0.206904951
7407,Thu Aug 25 03:56:43 CDT 2016,0.1002898307
2035,Tue Sep 20 17:39:43 CDT 2016,0.6497457309
31423,Thu Apr 19 15:30:41 CDT 2007,0.0495256527
1372637,Thu Feb 28 20:26:30 CST 2013,0.9642735301
9698,Thu Jun 30 21:11:36 CDT 2016,0.4862877591
778,Fri Feb 27 13:59:37 CST 2009,0.019760486
383607,Mon Feb 02 12:32:11 CST 2009,0.0300217064
30717,Sun Apr 22 21:32:26 CDT 2012,0.2898246478
43292,Tue Nov 26 17:14:35 CST 2013,0.2790664225
26612,Tue Aug 19 11:03:43 CDT 2008,0.10030375030000001
2379,Sat Mar 23 16:03:34 CDT 2013,0.2637426342
49363,Tue Apr 07 06:23:42 CDT 2015,0.6061849095
20250,Thu Jun 20 08:16:56 CDT 2013,0.0495256527
12707,Tue Aug 02 20:19:48 CDT 2016,0.62841684
26452,Sun May 08 12:59:15 CDT 2016,0.0569508534
10001,Tue Mar 20 21:19:06 CDT 2012,0.4083914494
93616,Thu Dec 03 22:25:11 CST 2015,0.3011571024
2591,Mon Nov 30 10:16:27 CST 2015,0.33761937810000003
33125,Sun Jan 28 02:20:58 CST 2007,0.0495256527
188,Sat Nov 26 16:23:59 CST 2016,0.1105721246
27714,Tue Jan 26 19:36:49 CST 2010,0.001014127
136433,Fri Jul 26 17:09:22 CDT 2013,0.2971874979
566,Sat Jan 05 22:49:17 CST 2013,0.2965772418
188682,Sun Jul 19 08:25:17 CDT 2015,0.3925298977
103070,Thu May 26 15:39:43 CDT 2016,0.40605368210000004
17140,Fri Apr 26 06:41:49 CDT 2013,0.5185136362
1442329,Mon May 13 13:09:52 CDT 2013,0.7124756479000001
29068,Wed Jul 22 14:49:32 CDT 2015,0.3089721311
523,Mon May 30 04:29:52 CDT 2016,0.9862705997000001
650,Tue Jul 26 12:13:33 CDT 2016,0.2791367766
22149,Tue Apr 19 23:02:45 CDT 2011,0.4664056563
310,Tue Oct 01 13:24:33 CDT 2013,0.6700319176
1174,Mon Jan 05 13:42:35 CST 2015,0.7083430865
12647,Thu Oct 30 17:05:11 CDT 2014,0.0235856054
7644,Fri Sep 13 11:51:06 CDT 2013,0.4327808946
10969,Fri Feb 13 07:39:19 CST 2009,0.0342515964
1254,Sun Jan 01 18:51:51 CST 2012,0.2355284439
14178,Sun Jul 31 17:43:28 CDT 2011,0.3895895246
7142,Mon Dec 29 18:14:38 CST 2014,0.028293181900000002
3956,Fri Aug 23 16:56:29 CDT 2013,0.1014925405
104294,Mon Jul 15 11:17:47 CDT 2013,0.2364650579
1869,Fri Aug 10 06:47:11 CDT 2012,0.8268117713
184,Sat Oct 24 23:59:45 CDT 2009,0.7525966239
374056,Thu May 15 17:07:11 CDT 2008,0.5024253918
10971,Fri Feb 13 07:39:19 CST 2009,0.0425999065
13860,Wed Aug 10 20:01:17 CDT 2016,0.8778991818
11221,Tue Jun 18 18:45:16 CDT 2013,0.0233721011
18092,Wed Jul 08 13:36:34 CDT 2009,0.5614160546
1364,Sat Jul 19 11:31:47 CDT 2014,0.7080396831
9100,Sun May 03 10:00:47 CDT 2009,0.2873049928
17416,Tue Jan 12 12:42:23 CST 2016,0.0933081325
34369,Fri Nov 19 01:28:39 CST 2010,0.1490712164
39773,Thu Sep 13 17:14:40 CDT 2012,0.4405566614
773,Fri Sep 28 15:20:06 CDT 2012,0.0384002357
1166,Wed Mar 16 16:35:27 CDT 2011,0.39889609600000003
26207,Sat May 05 08:27:10 CDT 2012,0.2214156603
56721,Tue Feb 28 11:19:38 CST 2012,0.16119576600000002
5514,Tue Sep 02 21:49:09 CDT 2014,0.7670460505000001
7783,Thu Jul 07 20:52:58 CDT 2016,0.6724570896000001
5399,Fri Jan 27 14:27:36 CST 2012,0.41978820440000003
638,Mon Mar 21 15:19:43 CDT 2011,0.560464248
578,Wed Apr 01 23:12:27 CDT 2009,0.41712504250000004
28864,Fri Jul 24 01:58:18 CDT 2009,0.16300371260000002
39825,Mon Feb 27 13:57:39 CST 2012,0.9960912265
17745,Thu Aug 29 20:09:48 CDT 2013,0.086065283
20859,Sun Apr 24 19:02:58 CDT 2016,0.8667297650000001
1265,Sun Dec 02 22:04:12 CST 2012,0.7870513297
6791,Fri Dec 12 16:31:04 CST 2008,0.0177870759
23808,Sat Mar 21 13:47:52 CDT 2015,0.6992335495
20679,Thu Oct 25 20:06:40 CDT 2012,0.29596495
55931,Sun Mar 04 06:22:38 CST 2012,0.4264169815
20703,Mon Jan 03 10:23:24 CST 2011,0.8794943023
36254,Sat Feb 21 01:12:17 CST 2009,0.38590731500000003
55931,Sun Mar 04 06:22:38 CST 2012,0.4264169815
381217,Thu Jun 09 12:28:28 CDT 2011,0.1322453711
33392,Thu Mar 26 22:44:51 CDT 2009,0.9242125346000001
6368,Mon Nov 29 22:09:01 CST 2010,0.7272467955
269720,Sun Mar 06 10:36:44 CST 2011,0.2509127451
57413,Mon Apr 07 13:23:09 CDT 2014,0.8000295854
8262,Wed Mar 09 13:14:28 CST 2016,0.5615294538
47536,Sat Dec 12 18:31:28 CST 2015,0.6497503413
15821,Fri Mar 02 16:10:11 CST 2012,0.7466350116
53663,Mon Oct 12 16:15:38 CDT 2009,0.2815523225
77933,Fri Mar 16 03:10:54 CDT 2012,0.0331608138
15225,Wed Jul 20 15:45:23 CDT 2016,0.7594041668
183604,Sat Sep 25 11:24:00 CDT 2010,0.32581030710000003
14731,Wed Dec 18 15:44:00 CST 2013,0.5502106466000001
23112,Fri Sep 03 13:17:45 CDT 2010,0.5424741574
4653,Wed Jun 22 08:56:00 CDT 2016,0.2332704749
896,Thu Oct 04 21:19:30 CDT 2012,0.1000524405
1398,Sun Nov 30 16:24:10 CST 2014,0.4259817535
1871,Thu Sep 17 14:19:35 CDT 2015,0.38802538810000003
42040,Thu Jul 14 21:22:15 CDT 2011,0.2634342498
4503,Sat Jul 04 14:25:07 CDT 2015,0.3890148825
4611,Thu Dec 04 19:19:10 CST 2008,0.9967760527
47539,Sat Dec 12 18:31:28 CST 2015,0.5024253918
961,Sat Apr 07 16:14:34 CDT 2012,0.22310938260000002
442963,Fri Aug 20 14:03:23 CDT 2010,0.41273361680000004
63181,Thu Jan 26 13:19:22 CST 2012,0.2578768043
258593,Tue Nov 02 19:26:55 CDT 2010,0.9272047788000001
23101,Thu Dec 10 21:34:48 CST 2015,0.2050122044
11,Sat Oct 29 21:10:24 CDT 2016,0.7261534523000001
744,Sat Aug 22 20:55:24 CDT 2015,0.9635731381
40886,Sat Oct 02 15:18:26 CDT 2010,0.5304550051
6320,Sat Sep 19 21:31:06 CDT 2015,0.1839135903
26399,Mon Dec 28 09:47:41 CST 2009,0.8248954614
3101,Sat Oct 16 06:58:21 CDT 2010,0.30587484740000004
5,Tue Nov 22 06:20:46 CST 2016,0.4256829855
16520,Sun Oct 10 20:26:52 CDT 2010,0.6007329071
804479,Sun Sep 14 14:48:03 CDT 2014,0.057465089000000004
419,Mon Oct 31 16:27:19 CDT 2016,0.2144979247
5016,Sun Mar 25 00:56:40 CDT 2012,0.0495256527
11446,Thu Jun 25 21:53:03 CDT 2009,0.9306468675
820,Thu Sep 29 16:50:59 CDT 2016,0.8827713371
24958,Thu Aug 04 21:53:15 CDT 2016,0.9982282142000001
801,Tue Aug 02 09:00:39 CDT 2016,0.0091022709
61608,Sat Oct 10 09:49:07 CDT 2015,0.4666473353
3968,Tue Aug 02 13:26:35 CDT 2016,0.14499421310000002
91923,Thu Mar 21 16:39:21 CDT 2013,0.3737860106
6685,Thu Jan 15 06:22:38 CST 2009,0.3583002625
61,Wed Apr 29 09:30:13 CDT 2015,0.8827713371
7539,Sat Nov 05 18:11:54 CDT 2011,0.38617811080000003
10884,Tue Jul 28 15:41:24 CDT 2009,0.8660363271
45854,Thu Jan 08 16:20:49 CST 2009,0.1480434175
626075,Mon Nov 15 12:23:07 CST 2010,0.7601424509
14648,Fri Feb 15 22:23:27 CST 2013,0.028425604400000002
16648,Mon Mar 11 01:43:18 CDT 2013,0.778150505
177,Thu Dec 01 12:29:16 CST 2016,0.7445860627
2294,Fri Jul 29 14:21:00 CDT 2011,0.0939775652
123165,Tue Aug 11 21:19:31 CDT 2015,0.8986516085
5262,Thu Jan 19 17:42:56 CST 2012,0.5209019930000001
20507,Fri Jun 03 08:01:07 CDT 2011,0.7870513297
13015,Wed Feb 25 19:56:48 CST 2009,0.1294732949
15006,Tue Dec 09 11:04:58 CST 2014,0.2555672795
12935,Thu Mar 03 14:02:59 CST 2016,0.5670311468
16086,Thu Aug 23 21:20:31 CDT 2012,0.1465196421
54569,Sat Jan 23 10:51:08 CST 2016,0.3527071547
12850,Thu Dec 12 17:45:44 CST 2013,0.1197449552
3511,Sat Sep 06 21:13:17 CDT 2008,0.8371009506
121,Sun Nov 27 18:10:37 CST 2016,0.0312732596
10156,Sun Jan 31 20:09:07 CST 2010,0.19047584380000002
24100,Tue Feb 09 12:47:48 CST 2016,0.1547799685
164779,Wed Nov 19 15:13:21 CST 2008,0.7899397461000001
10432,Mon Jul 15 00:57:38 CDT 2013,0.5816217536
633,Wed Mar 23 13:00:50 CDT 2016,0.056125276200000004
34239,Sat Dec 22 12:03:57 CST 2012,0.8562539387
9707,Mon Sep 08 13:19:14 CDT 2014,0.0670489314
1665,Mon Dec 28 23:38:22 CST 2009,0.0716000033
3135,Tue Feb 10 00:59:48 CST 2015,0.9120455996
6786,Mon May 10 21:29:11 CDT 2010,0.0656390465
283,Sat Jul 18 10:09:18 CDT 2015,0.40902706920000004
12392,Mon Nov 04 15:59:45 CST 2013,0.1366504834
2426,Tue Nov 08 10:26:28 CST 2016,0.3527071547
5806,Sun Dec 22 21:24:31 CST 2013,0.0661701468
42492,Mon Jan 19 15:10:13 CST 2009,0.108741234
33606,Fri May 06 11:55:22 CDT 2016,0.3527071547
341,Sun Jul 24 15:55:35 CDT 2016,0.6880756099
1269,Sun Dec 02 22:04:12 CST 2012,0.3862153211
4660,Mon Sep 07 08:48:36 CDT 2009,0.3179399596
254105,Wed Mar 25 11:18:18 CDT 2009,0.7907587109
69981,Thu Jul 10 11:18:21 CDT 2014,0.633529941
1665,Tue Jul 21 07:41:50 CDT 2009,0.3527071547
13922,Sun Sep 02 11:00:19 CDT 2012,0.0454641141
10163,Fri Aug 19 06:22:00 CDT 2016,0.9820955693000001
9837,Mon Apr 02 18:39:04 CDT 2012,0.41444950010000003
14024,Thu Oct 29 16:24:19 CDT 2009,0.5549940382
2113,Tue Oct 09 14:07:31 CDT 2012,0.2103855764
2672,Sun Feb 28 19:39:25 CST 2016,0.9258957768
6362,Mon Mar 30 18:11:55 CDT 2009,0.548072173
915,Sat Nov 19 17:51:38 CST 2016,0.142606975
31351,Tue Jul 28 20:38:01 CDT 2015,0.1806142731
7122,Mon Mar 09 10:40:41 CDT 2015,0.1200884572
17598,Wed Oct 23 21:17:22 CDT 2013,0.4096327396
79318,Sat Aug 30 22:27:32 CDT 2008,0.6944388641
13577,Fri Sep 16 20:43:46 CDT 2016,0.056125276200000004
3706,Mon Nov 05 06:27:04 CST 2012,0.3076306708
1642,Thu Sep 15 16:58:27 CDT 2016,0.027038416000000003
3206,Sun Aug 26 14:28:21 CDT 2012,0.6113236782
10478,Fri May 15 00:38:34 CDT 2009,0.0061814666
4565,Mon Oct 10 08:26:31 CDT 2016,0.16422414100000002
127100,Tue Jun 05 00:41:26 CDT 2012,0.4017065046
498,Wed Nov 16 07:03:54 CST 2016,0.06356827400000001
27181,Thu Jun 27 21:23:50 CDT 2013,0.2430865026
3722,Tue Nov 10 08:29:36 CST 2015,0.8898044358
93657,Thu Dec 03 22:25:11 CST 2015,0.39153417300000004
5321,Mon Sep 12 09:51:32 CDT 2016,0.9211388153000001
1367,Mon Jan 13 19:00:27 CST 2014,0.1219484255
59187,Fri May 20 18:03:19 CDT 2016,0.9350562253
19708,Mon Apr 18 10:41:00 CDT 2016,0.7747477559
15200,Sun Sep 30 18:44:22 CDT 2012,0.41999019660000003
118913,Thu Jul 14 17:16:46 CDT 2011,2.3846660000000002E-4
447,Thu Oct 06 08:19:38 CDT 2016,0.2147714605
462,Mon Nov 28 13:16:27 CST 2016,0.38136272920000003
3197,Fri Jan 02 02:21:53 CST 2009,0.9054038278000001
56855,Sun Dec 23 02:33:27 CST 2012,0.5731920238
67733,Tue Mar 29 02:46:43 CDT 2016,0.1961296145
12,Thu Aug 22 18:18:50 CDT 2013,0.9977813881
30360,Thu Apr 16 20:25:41 CDT 2009,0.6182918540000001
140,Sat Dec 24 08:39:23 CST 2011,0.8827713371
3179,Wed Aug 07 12:49:48 CDT 2013,0.6098684789000001
104023,Mon Mar 30 11:21:16 CDT 2009,0.1806142731
23036,Wed Feb 24 15:18:21 CST 2010,0.8886600135
681,Wed Jul 21 19:34:16 CDT 2010,0.0495256527
38208,Sun Nov 01 19:35:54 CST 2009,0.7558583735000001
559,Thu Aug 06 20:38:22 CDT 2009,0.2214156603
554,Mon Apr 01 21:37:26 CDT 2013,0.6245152423
1414,Thu Feb 14 12:21:33 CST 2013,0.9652804551
5599,Sun Apr 11 13:38:31 CDT 2010,0.17603495230000002
25781,Mon Feb 29 14:15:39 CST 2016,0.16670807980000002
1135,Sun Feb 02 16:45:31 CST 2014,0.29464330920000004
2431,Thu Apr 05 20:17:31 CDT 2012,0.17525337100000002
770,Fri Jul 03 16:02:44 CDT 2015,0.0457801043
189550,Sun Aug 30 09:03:48 CDT 2009,0.9853891775
80663,Mon Aug 10 13:27:24 CDT 2015,0.1806142731
47047,Sun Mar 29 15:58:50 CDT 2009,0.11060558620000001
33071,Thu Apr 28 20:30:54 CDT 2016,0.3550902997
43909,Wed May 06 04:23:28 CDT 2009,0.7535606511
117950,Thu Nov 22 13:47:19 CST 2012,0.2403878968
475,Fri Dec 09 07:33:00 CST 2011,0.5574497904
78,Fri Feb 19 11:59:58 CST 2016,0.47883271930000004
2181,Thu Nov 12 00:24:22 CST 2015,0.8578907296
1655,Sun Mar 07 00:34:37 CST 2010,0.4970514049
165317,Wed Mar 03 17:11:07 CST 2010,0.0653306475
210430,Mon Nov 14 22:36:51 CST 2011,0.8338425104
424994,Sun Jun 24 17:40:01 CDT 2012,0.1216318393
50536,Mon Nov 05 21:26:44 CST 2012,0.43227557400000005
2495,Fri Sep 16 11:42:55 CDT 2016,0.06356827400000001
61323,Sun Sep 05 19:20:59 CDT 2010,0.0419313833
449,Mon Apr 14 23:15:57 CDT 2014,0.5203789004
161,Tue Dec 15 19:02:53 CST 2015,0.9211388153000001
89793,Wed Dec 10 14:23:57 CST 2008,0.2913475453
6493,Tue Jul 31 10:35:30 CDT 2012,0.7207337674000001
38565,Fri Oct 30 06:18:17 CDT 2015,0.7233632563
176059,Thu Apr 08 13:45:08 CDT 2010,0.3226303044
78435,Tue Jun 07 20:41:47 CDT 2016,0.24216468500000002
84707,Sat Apr 23 17:47:29 CDT 2011,0.5398578182
314,Tue Jul 20 23:38:21 CDT 2010,0.21386190500000002
79169,Sat Nov 01 06:20:01 CDT 2008,0.554999263
2517,Sun Dec 30 16:38:23 CST 2012,0.5325701747
7024,Sun Jan 03 21:11:26 CST 2010,0.9686900779000001
19130,Thu Jun 23 20:15:31 CDT 2016,0.33761937810000003
1479,Wed Aug 17 14:19:18 CDT 2011,0.1479379223
12126,Fri Dec 28 01:04:45 CST 2012,0.0325409601
21825,Wed Jan 23 17:58:51 CST 2013,0.9966554302
8617,Sun Jul 21 03:18:23 CDT 2013,0.1318373074
28192,Thu Sep 06 19:54:08 CDT 2012,0.2466187386
18793,Sat Jan 30 09:09:40 CST 2016,0.1466622678
2274,Sun Oct 05 22:02:17 CDT 2014,0.3963918597
7066,Sat Feb 20 22:28:23 CST 2016,0.37043115330000004
26368,Tue Apr 06 20:28:40 CDT 2010,0.1258497797
122896,Tue Dec 13 21:05:04 CST 2011,0.5347991397
4245,Thu Feb 16 14:09:24 CST 2012,0.0327656563
1063,Thu Jun 16 02:31:47 CDT 2011,0.9602957550000001
42374,Thu Mar 24 17:17:00 CDT 2016,0.2616043315
97,Sun Jul 24 16:05:42 CDT 2016,0.06547017100000001
735,Thu Nov 10 22:50:22 CST 2016,0.4888983873
2514,Fri Nov 16 08:52:41 CST 2012,0.9350562253
11696,Thu May 20 20:45:05 CDT 2010,0.7539127222
21046,Sun Sep 19 07:58:16 CDT 2010,0.5051579311000001
3851,Thu Nov 01 12:31:03 CDT 2012,0.138388439
1214,Wed May 14 07:55:38 CDT 2014,0.6602811706
15743,Tue Mar 04 09:07:17 CST 2014,0.8847704889
612,Wed Nov 30 11:32:42 CST 2016,0.5970962854
2645,Fri Oct 14 15:46:55 CDT 2016,0.2546386992
15318,Mon Oct 21 13:47:23 CDT 2013,0.1208094194
10185,Fri Aug 19 06:22:00 CDT 2016,0.6497503413
9359,Thu Mar 24 11:25:25 CDT 2016,0.2019884016
30761,Sun Nov 22 16:22:54 CST 2009,0.0177870759
186424,Sat Feb 21 03:11:40 CST 2009,0.2723499806
9929,Sat May 25 16:28:32 CDT 2013,0.9084888697
57454,Tue Aug 17 23:52:24 CDT 2010,0.4410273239
2949,Tue Jul 28 15:30:43 CDT 2015,0.16422414100000002
41617,Sun Dec 21 12:26:41 CST 2014,0.3904582367
58959,Sun Jan 17 22:42:33 CST 2016,0.48758070880000004
203,Sat Nov 19 23:03:25 CST 2016,0.0929899372
25852,Fri Aug 20 19:31:41 CDT 2010,0.7981005194
1501,Mon Jun 13 21:38:03 CDT 2016,0.0662807032
622,Sat May 24 21:45:06 CDT 2014,0.2067402008
1165,Mon Jul 04 19:30:52 CDT 2011,0.017093123300000002
11940,Fri Jul 31 19:32:05 CDT 2015,0.2898246478
90925,Wed Aug 10 02:55:31 CDT 2011,0.1101863104
81882,Sat May 26 12:44:18 CDT 2012,0.2723499806
13218,Sat May 25 14:02:22 CDT 2013,0.8713348933
2689,Mon Aug 29 10:22:47 CDT 2016,0.5240275004
591,Sun Nov 13 16:20:53 CST 2016,0.39636313640000004
257389,Wed Apr 28 18:53:00 CDT 2010,0.4527307258
10093,Mon Aug 06 21:13:42 CDT 2012,0.9614926185
60277,Sat Sep 05 13:32:48 CDT 2009,0.6381168043000001
650,Wed Nov 23 12:43:54 CST 2016,0.6833233443000001
35209,Tue Dec 22 05:52:46 CST 2009,0.7484421289000001
25693,Sun Apr 08 12:59:10 CDT 2012,0.0091022709
6819,Wed Jan 30 12:09:36 CST 2008,0.28094979070000003
3015,Fri May 01 14:05:27 CDT 2009,0.5839326921
41212,Fri Nov 20 21:51:33 CST 2015,0.1344784793
5401,Sun Oct 28 23:50:20 CDT 2012,0.239252594
243679,Sat Sep 20 08:49:46 CDT 2008,0.1072958016
243679,Sat Sep 20 08:49:46 CDT 2008,0.1072958016
2343,Sat Jul 07 13:28:16 CDT 2012,0.8314431216
14836,Fri Aug 05 18:01:19 CDT 2016,0.0071163235000000005
31427,Thu Apr 19 15:30:41 CDT 2007,0.15891485060000002
18396,Mon Nov 09 11:50:39 CST 2009,0.0889959555
2949,Fri May 16 16:36:56 CDT 2008,0.0178907339
8653,Tue Dec 15 19:10:00 CST 2015,0.5767401918
272,Sun Sep 18 14:12:12 CDT 2016,0.4589558704
6867,Fri Sep 05 12:38:27 CDT 2008,0.0091022709
87382,Mon Feb 03 12:05:27 CST 2014,0.5000897518
118220,Sun Apr 19 16:31:12 CDT 2009,0.7857238748
1753,Thu Sep 12 19:45:30 CDT 2013,0.06613684610000001
6755,Wed Jun 01 09:25:41 CDT 2011,0.1312418176
13277,Sun Mar 13 22:52:05 CDT 2011,0.1029509289
2739,Wed Nov 04 22:29:21 CST 2015,0.4972580217
31792,Sun Jul 17 15:08:22 CDT 2016,0.7569112825000001
38318,Thu Feb 07 10:41:29 CST 2008,0.1914096117
49058,Mon May 24 17:11:06 CDT 2010,0.8476035175000001
39843,Mon Feb 27 13:57:39 CST 2012,0.2682114718
3082,Mon Sep 28 11:46:07 CDT 2015,0.3076306708
37392,Sun Sep 07 21:16:47 CDT 2008,0.2569088613
10320,Fri Sep 02 00:49:39 CDT 2016,0.2009650467
7536,Sat May 04 14:02:18 CDT 2013,0.4935251687
15368,Sat Sep 15 12:48:05 CDT 2012,0.9673032567000001
11944,Fri Apr 03 21:36:15 CDT 2009,0.16422414100000002
27732,Fri Sep 24 11:15:12 CDT 2010,0.1344784793
922,Mon Aug 31 11:01:27 CDT 2015,0.0440220383
1169,Sun Mar 27 09:21:03 CDT 2011,0.007630719100000001
31448,Fri Jul 08 16:55:44 CDT 2016,0.7304027814
3875,Sun Apr 13 16:49:04 CDT 2014,0.7141708609
78435,Tue Feb 08 15:13:54 CST 2011,0.2003123527
2974,Thu Dec 16 15:36:23 CST 2010,0.0243229472
503,Sun Oct 09 09:46:53 CDT 2016,0.1099321429
156,Fri Oct 28 19:25:40 CDT 2016,0.8154914211000001
8,Mon Dec 01 12:15:51 CST 2014,0.2223108635
3812,Wed Jan 20 23:45:41 CST 2010,0.1200884572
6691,Thu Jan 15 06:22:38 CST 2009,0.15043920500000002
2678,Wed Sep 28 10:59:39 CDT 2016,0.5595562668
71170,Fri Jan 13 22:07:47 CST 2012,0.161167112
55568,Mon Jul 20 21:35:49 CDT 2009,0.2093836259
295,Mon Sep 05 06:49:58 CDT 2016,0.12293536840000001
609,Sat Jul 02 10:17:18 CDT 2011,0.269331677
16994,Mon Dec 22 20:29:59 CST 2014,0.1913813655
10346,Mon Feb 18 22:45:00 CST 2013,0.2837542736
1586,Wed Nov 16 16:19:02 CST 2016,0.0495256527
13606,Fri May 13 16:02:14 CDT 2016,0.8107107259
1471,Wed May 28 18:31:14 CDT 2014,0.056125276200000004
4570,Sun May 18 10:37:00 CDT 2014,0.6833233443000001
46186,Fri Mar 30 22:39:17 CDT 2012,0.42025946010000004
19660,Fri Jul 10 19:05:49 CDT 2015,0.3983852666
4443,Fri Aug 07 10:46:02 CDT 2015,0.6300990789
18762,Wed Mar 02 15:52:01 CST 2016,0.2873175818
46880,Tue Jul 14 21:38:11 CDT 2009,0.7261534523000001
10442,Wed Apr 03 10:59:16 CDT 2013,0.8798792698000001
153098,Sun Nov 04 16:32:03 CST 2012,0.8788105251
9644,Thu Jul 21 02:07:28 CDT 2011,0.031974960000000004
1029,Thu Nov 24 11:52:12 CST 2016,0.6393835817
2473,Tue Apr 24 13:33:39 CDT 2012,0.041231668400000004
61793,Wed Jul 06 23:12:02 CDT 2016,0.3065716157
60984,Mon Jan 18 13:55:18 CST 2016,0.8839762467000001
227594,Sun Mar 10 10:12:58 CDT 2013,0.36006912900000004
24752,Thu Sep 20 19:22:26 CDT 2012,0.2232525712
913,Thu Jul 16 15:56:07 CDT 2009,0.7458906847
9218,Fri Jul 06 11:49:51 CDT 2012,0.2088068815
39231,Tue Feb 24 08:28:16 CST 2009,0.9253257214
9785,Wed Aug 24 23:03:45 CDT 2011,0.9471287327000001
4682,Sun Jul 29 16:24:22 CDT 2012,0.47414051960000003
15997,Fri Mar 21 20:36:33 CDT 2014,0.8860520445000001
4264,Wed Mar 17 09:19:00 CDT 2010,0.3141961045
1710,Fri Sep 11 16:18:26 CDT 2015,0.778150505
67432,Sat Sep 24 22:00:01 CDT 2011,0.3335539067
8368,Thu Aug 22 21:59:23 CDT 2013,0.5654857305000001
97314,Mon Apr 18 01:37:24 CDT 2016,0.3074204857
1138,Mon Oct 10 22:13:14 CDT 2016,0.0087575961
193487,Wed Apr 22 18:05:05 CDT 2009,0.6738459205
8530,Mon Jun 13 09:55:52 CDT 2016,0.7077453423000001
97,Sun Dec 04 14:56:21 CST 2016,0.5494835112
12,Sat Mar 28 01:34:10 CDT 2015,0.9923168155000001
22449,Tue Aug 27 22:56:10 CDT 2013,0.0136306536
3376,Mon Jun 13 10:32:16 CDT 2016,0.7261534523000001
6567,Wed Aug 26 20:30:53 CDT 2009,0.19047584380000002
2834,Sat Jul 13 22:54:52 CDT 2013,0.0336824131
43598,Wed Aug 24 11:03:28 CDT 2016,0.5574131109
82612,Tue Feb 01 17:06:59 CST 2011,0.22310938260000002
26778,Fri Sep 09 04:02:51 CDT 2016,0.6484905011000001
23329,Sat Apr 18 18:37:34 CDT 2015,0.5776236231
4938,Mon Sep 21 13:37:03 CDT 2009,0.7571505811
78395,Sat Sep 11 07:34:37 CDT 2010,0.0702316372
112236,Mon Mar 28 19:08:37 CDT 2011,0.0294198716
1970,Sun Apr 03 02:42:00 CDT 2011,3.325409E-4
4542,Wed Nov 19 02:09:54 CST 2008,0.0105349501
35977,Mon May 07 22:58:00 CDT 2012,0.1547799685
18323,Sat Oct 19 13:58:52 CDT 2013,0.5915445377
17545,Thu May 03 17:41:59 CDT 2012,0.0181590622
319,Tue Oct 14 09:20:50 CDT 2014,0.4412687629
951,Thu Nov 12 18:56:40 CST 2015,0.0784745453
1811,Mon Jun 15 21:25:15 CDT 2009,0.2273281467
7633,Thu Sep 01 21:16:40 CDT 2011,0.6233946882
113834,Wed Sep 17 19:49:42 CDT 2008,0.6365332874
3156,Tue Oct 11 21:10:26 CDT 2011,0.019143995900000002
687,Fri May 17 22:16:58 CDT 2013,0.3144851695
14907,Sun Jan 22 20:44:28 CST 2012,0.0747090641
79688,Thu Apr 26 16:35:51 CDT 2012,0.2821008438
244220,Tue Jan 07 01:14:28 CST 2014,0.432677711
52426,Tue Feb 12 13:15:53 CST 2013,0.33761937810000003
6284,Wed Jul 20 20:52:13 CDT 2016,0.2502861655
298197,Thu Nov 25 22:07:15 CST 2010,0.9462430548
182971,Wed Feb 06 08:04:13 CST 2013,0.0587424524
30983,Sun May 29 03:14:56 CDT 2011,0.0386473545
51310,Sun Feb 28 11:18:25 CST 2016,0.8070190268
8999,Tue Aug 27 07:01:44 CDT 2013,0.8843372224
7523,Sat May 09 14:21:38 CDT 2009,0.5792207810000001
16109,Tue Jul 31 20:39:58 CDT 2012,0.1254609464
58198,Wed Aug 18 18:30:18 CDT 2010,0.7973508317
94164,Sun Jul 19 15:48:28 CDT 2009,0.534040528
24230,Fri Feb 18 07:45:34 CST 2011,0.559502084
9616,Sun Feb 08 17:29:26 CST 2015,0.3170425284
170791,Sun Jul 14 20:27:42 CDT 2013,0.1801203238
227667,Sat Apr 24 09:47:32 CDT 2010,0.5497815666
1283,Fri Mar 21 07:52:02 CDT 2014,0.5219523794
15275,Thu Sep 22 19:17:15 CDT 2011,0.6369569643
57813,Wed Feb 24 01:36:40 CST 2016,0.8756776194
324,Wed Jun 20 10:09:44 CDT 2012,0.6196750464
23888,Wed Mar 10 12:16:18 CST 2010,0.9811350619
29806,Thu Sep 24 13:51:18 CDT 2009,0.3819134155
36451,Sat May 21 21:18:51 CDT 2016,0.5979187257
72353,Mon Mar 16 09:34:09 CDT 2015,0.9104919119
11963,Sun May 08 09:31:28 CDT 2016,0.62841684
166224,Wed May 09 09:44:33 CDT 2012,0.3776528857
184837,Mon May 02 11:26:58 CDT 2011,0.044097548800000004
21,Mon Dec 05 18:29:18 CST 2016,0.9439421413
17666,Wed Jan 15 18:50:22 CST 2014,0.27335161750000003
1,Sun Nov 20 18:54:35 CST 2016,0.6125668806
13888,Sun Dec 21 16:35:42 CST 2008,0.0233721011
37,Sat Mar 26 16:13:38 CDT 2016,0.060112604900000005
699800,Wed Oct 29 02:11:09 CDT 2014,0.6308125998
25489,Sat May 31 23:03:10 CDT 2014,0.9739703521
21178,Thu Mar 03 06:03:11 CST 2016,0.26905874890000003
21115,Thu Nov 20 18:55:57 CST 2014,0.6060473473
8141,Wed Jan 13 00:31:52 CST 2010,0.7525966239
16862,Fri Jun 17 22:31:28 CDT 2011,0.0091022709
10063,Tue Sep 06 09:42:02 CDT 2016,0.6340077871
3754,Sat Apr 17 06:49:14 CDT 2010,0.8371930092000001
1339,Mon Jul 25 18:59:42 CDT 2016,0.1001025789
1183,Tue Jun 23 14:17:20 CDT 2009,0.23424137120000002
156,Sun Jun 05 21:29:58 CDT 2016,0.1858663059
932,Tue Mar 02 20:59:15 CST 2010,0.4788193833
13076,Sun Sep 20 08:26:15 CDT 2015,0.4853819046
99028,Tue Aug 25 06:50:00 CDT 2009,0.06467293390000001
131613,Sun May 15 13:12:37 CDT 2011,0.22310938260000002
40770,Mon Jul 04 17:53:52 CDT 2016,0.0617549447
199506,Sat Sep 05 09:07:14 CDT 2009,0.6692472247
78083,Mon Oct 05 17:23:17 CDT 2009,0.2003123527
27,Fri Oct 07 22:20:53 CDT 2016,0.7870513297
5459,Wed Dec 07 23:00:28 CST 2011,0.8827713371
55135,Sat Jan 30 09:50:56 CST 2016,0.7122347323
3792,Mon Jun 18 21:43:29 CDT 2012,0.37551331730000004
3688,Wed Feb 25 14:45:12 CST 2009,0.4687145346
21543,Sun May 03 17:45:28 CDT 2015,0.7855742174
9793,Sun Sep 27 11:37:30 CDT 2015,0.1119825143
266117,Wed Mar 19 09:36:36 CDT 2014,0.3488704158
9886,Fri Sep 12 13:32:08 CDT 2008,0.024532514800000002
13923,Mon Sep 15 15:36:31 CDT 2014,0.07557074
997,Wed Jan 27 19:48:39 CST 2016,0.3963534131
16535,Wed Oct 08 12:55:51 CDT 2008,0.0495256527
895984,Thu Feb 14 12:50:30 CST 2013,0.4842819296
1159,Tue Aug 04 09:30:57 CDT 2015,0.1064787022
6607,Fri May 06 08:22:34 CDT 2016,0.8819180914
1802,Thu Oct 10 15:41:44 CDT 2013,0.3212708919
2368,Mon Oct 12 19:55:09 CDT 2015,0.8118226740000001
5703,Fri Nov 28 06:16:22 CST 2008,0.6256609102
3815,Fri Mar 06 13:57:20 CST 2009,0.660361328
6651,Sat Oct 15 21:03:40 CDT 2016,0.0067299481
179614,Sat Nov 21 22:52:03 CST 2015,0.3411212292
53649,Thu Sep 19 21:27:13 CDT 2013,0.1368504434
240143,Fri Jan 08 07:52:11 CST 2010,0.8383865041
14461,Thu Sep 15 08:54:19 CDT 2016,0.37043115330000004
63355,Sat Mar 05 16:49:30 CST 2016,0.0257481933
87,Thu Jan 13 10:43:37 CST 2011,0.1600821271
13613,Thu Apr 24 14:36:12 CDT 2014,0.16422414100000002
60099,Wed Dec 19 05:50:48 CST 2012,0.1980962134
40956,Wed Aug 15 19:11:12 CDT 2012,0.1197449552
123900,Wed Dec 14 09:43:03 CST 2011,0.4951399616
88213,Tue Nov 15 15:46:09 CST 2011,0.3582908663
4308,Tue Nov 25 11:58:10 CST 2008,0.48216659900000003
52223,Mon Sep 19 18:58:23 CDT 2011,0.36619571030000003
6964,Thu Mar 22 09:10:05 CDT 2012,0.4659776769
29571,Tue Nov 12 15:52:32 CST 2013,0.5366744662
2,Tue Nov 01 14:51:38 CDT 2016,0.8514054588000001
2931,Mon Sep 12 17:27:41 CDT 2011,0.5871411616000001
85573,Wed Oct 14 07:59:34 CDT 2015,0.2019884016
69125,Sun Apr 06 17:35:26 CDT 2008,0.4614605631
4083,Sat Jul 27 12:13:56 CDT 2013,0.1459890403
5436,Fri Nov 30 00:39:40 CST 2012,0.0700167189
15221,Wed Mar 28 11:54:31 CDT 2012,0.055869763600000004
11,Fri Dec 02 10:40:56 CST 2016,0.0112857778
2587,Sat Jul 25 01:43:18 CDT 2015,0.6353134001
24674,Mon Apr 20 22:02:20 CDT 2009,0.8710625411
89779,Tue Nov 10 00:20:34 CST 2015,0.3657563005
8534,Mon May 12 02:42:56 CDT 2014,0.8095237087
7662,Wed Oct 16 11:10:08 CDT 2013,0.15891485060000002
1819,Sun May 29 10:01:21 CDT 2016,0.8321703047000001
22286,Mon Oct 26 08:51:36 CDT 2015,0.7907587109
160767,Mon Nov 02 07:08:06 CST 2009,0.5747777607
19543,Wed Mar 30 15:36:22 CDT 2016,0.0741744752
195,Thu Nov 24 23:35:44 CST 2016,0.8778991818
123,Wed Apr 28 15:07:55 CDT 2010,0.5320223519
78456,Tue Jun 07 20:41:47 CDT 2016,0.027038416000000003
72,Tue Apr 16 12:25:04 CDT 2013,0.40943961840000004
4499,Sat Apr 18 15:09:22 CDT 2015,0.0883288158
23025,Sun Jul 15 00:52:53 CDT 2012,0.5209019930000001
10,Mon Nov 21 04:15:54 CST 2016,0.9996875101
1857,Thu Mar 19 19:14:14 CDT 2009,0.345350617
4947,Sat Jul 30 19:42:44 CDT 2016,0.0950034005
5798,Mon Jul 18 11:29:24 CDT 2016,0.8713348933
2876,Mon Oct 26 17:43:35 CDT 2009,0.8818201111
108579,Thu Jul 31 14:59:08 CDT 2008,0.0646256232
59244,Sat Feb 28 23:51:51 CST 2009,0.1292539589
22843,Sun Aug 30 17:44:07 CDT 2009,0.19112145560000002
373781,Fri May 28 17:21:54 CDT 2010,0.12976900930000002
48228,Tue Mar 31 12:59:22 CDT 2015,0.6418322584
32760,Sat Nov 01 07:38:59 CDT 2008,0.2468358863
28640,Sat Apr 18 19:32:33 CDT 2009,0.288652092
4742,Sat Mar 05 18:06:00 CST 2016,0.42250957110000004
2975,Sun Jul 25 04:19:38 CDT 2010,0.2214156603
727544,Sat Feb 21 09:48:13 CST 2015,0.9355165846000001
727,Fri Jul 03 15:55:35 CDT 2009,0.5982926025
20931,Sun Feb 05 14:01:56 CST 2012,0.8748856375
25700,Mon Feb 03 17:24:36 CST 2014,0.0707198641
13995,Tue Jun 14 17:27:39 CDT 2011,0.7525966239
16470,Wed May 19 06:55:59 CDT 2010,0.20930759040000002
50147,Wed Jun 11 14:50:21 CDT 2008,0.0857863485
54604,Sat Feb 07 18:09:20 CST 2015,0.9047970819000001
1832,Sun Oct 17 13:20:14 CDT 2010,0.1816556158
41183,Fri Nov 22 11:47:07 CST 2013,0.3505647156
38,Fri Jul 09 02:21:06 CDT 2010,0.5901780154
29609,Thu Dec 11 16:38:53 CST 2014,0.6488490541
15753,Wed Apr 04 06:34:19 CDT 2012,0.9241260133
1524,Wed Feb 03 11:12:42 CST 2010,0.440134399
61300,Wed May 20 10:51:53 CDT 2009,0.62841684
1,Tue Dec 06 06:20:20 CST 2016,0.8827713371
20809,Mon Jul 20 08:00:11 CDT 2009,0.6505127353
15516,Thu Apr 16 23:24:06 CDT 2009,0.2317263616
18198,Sat Apr 18 07:17:31 CDT 2009,0.3963534131
370,Sun May 24 09:13:28 CDT 2015,0.6836143090000001
103337,Tue Jul 26 01:47:36 CDT 2016,0.7964069892000001
35912,Tue Jun 21 22:45:09 CDT 2016,0.1506096482
5842,Tue Jun 04 09:51:06 CDT 2013,0.014894024700000001
32746,Tue Aug 02 16:50:41 CDT 2016,0.21901130230000002
25448,Sat May 02 23:16:17 CDT 2009,0.138388439
148,Mon Nov 28 20:52:35 CST 2016,0.43798044880000003
24837,Wed Feb 24 19:08:41 CST 2016,0.33558138060000003
4959,Tue Sep 15 15:28:07 CDT 2009,0.6484905011000001
905,Sun Apr 15 21:26:59 CDT 2007,0.3530709198
80,Wed Apr 01 21:36:17 CDT 2015,0.5420706825
20006,Tue Apr 19 14:34:27 CDT 2016,0.5722147135
3917,Mon Apr 23 22:41:18 CDT 2012,0.39449529980000003
39434,Mon Mar 23 09:54:31 CDT 2009,0.310431626
555,Wed Oct 15 21:16:27 CDT 2008,0.24484143230000002
28809,Thu Apr 02 12:39:21 CDT 2009,0.8688328482000001
21865,Sat Jul 04 08:25:47 CDT 2009,0.21113703050000002
56204,Thu Jul 02 15:36:34 CDT 2009,0.0177870759
14898,Sun May 25 11:09:01 CDT 2014,0.017049165800000002
3724,Fri Mar 05 09:35:24 CST 2010,0.7049034173000001
15950,Thu Aug 20 13:46:09 CDT 2009,0.0691409883
515,Sun May 15 00:09:11 CDT 2016,0.3110619855
12544,Fri Oct 02 20:08:47 CDT 2015,0.3864977888
31,Mon Dec 30 15:39:09 CST 2013,0.2709736143
30954,Sat Sep 06 08:34:11 CDT 2008,0.0446457693
19784,Mon Mar 23 14:00:29 CDT 2009,0.2321109194
4966,Thu Sep 08 16:44:51 CDT 2016,0.3076306708
4846,Fri Mar 27 06:13:17 CDT 2009,0.660361328
1860,Sat Dec 06 10:59:46 CST 2014,0.0492112732
45658,Tue Feb 24 00:03:34 CST 2009,0.0464675546
3233,Tue Sep 09 03:00:30 CDT 2014,0.1268218278
39,Sat Jun 12 18:48:05 CDT 2010,0.6348580206000001
5890,Fri Jul 22 20:48:24 CDT 2016,0.0459718574
125298,Tue Oct 09 18:32:32 CDT 2012,0.012066387100000001
1111,Thu Sep 24 01:02:29 CDT 2009,0.0335846566
1991,Mon Jan 30 00:18:49 CST 2012,0.5305716787
382,Wed Nov 02 07:05:16 CDT 2016,0.4943734891
161765,Mon Aug 03 06:33:14 CDT 2009,0.3522908817
26387,Mon Aug 13 12:49:07 CDT 2012,0.9505826335
1496,Sat Jun 20 01:21:10 CDT 2015,0.9077884190000001
332,Tue Sep 14 03:19:22 CDT 2010,0.9095072685000001
47411,Tue Oct 06 20:58:26 CDT 2015,0.1806142731
831,Sat Aug 27 00:42:23 CDT 2016,0.3186544449
16782,Wed Sep 23 05:21:22 CDT 2009,0.6337346173
12870,Thu Feb 17 20:45:55 CST 2011,0.09635688810000001
4668,Sat Apr 18 13:03:31 CDT 2009,0.8864225647
16330,Mon Jul 27 13:22:00 CDT 2009,0.9505826335
5100,Wed Mar 27 18:02:21 CDT 2013,0.0259783908
26905,Thu Mar 10 04:08:13 CST 2011,0.7805529601000001
10448,Sun Mar 01 17:25:42 CST 2009,0.0177870759
538,Mon Jun 27 16:07:53 CDT 2016,0.21289590060000002
12814,Mon Jan 05 19:07:26 CST 2009,0.3467304902
18497,Mon Apr 30 12:40:42 CDT 2012,0.2785080301
1222,Sun Oct 11 11:07:36 CDT 2009,0.6954637967
51754,Sat Mar 14 03:41:31 CDT 2015,0.4408046658
16835,Sat Apr 21 15:28:12 CDT 2007,0.0809553906
4622,Tue Aug 23 15:52:12 CDT 2016,0.6833233443000001
601,Sun Mar 01 19:10:06 CST 2015,0.1487967628
148,Thu Apr 30 15:49:27 CDT 2009,0.2181068885
26856,Sat May 28 15:48:25 CDT 2011,0.5142556083000001
1811,Fri Nov 25 12:56:03 CST 2011,0.1935358811
469,Mon Nov 17 18:11:34 CST 2014,0.10298444520000001
14178,Wed Jun 10 21:13:40 CDT 2015,0.1050446414
18474,Thu May 31 22:05:53 CDT 2012,0.2828217755
1694,Tue Dec 22 22:06:58 CST 2015,0.3570368648
8838,Sun Jun 19 17:47:49 CDT 2016,0.8330077572
27900,Thu Aug 30 22:47:18 CDT 2012,0.8698031754000001
12568,Sat Jan 17 11:39:53 CST 2015,0.0091022709
48865,Wed Oct 12 12:00:59 CDT 2016,0.1775481337
394,Thu Oct 29 02:38:18 CDT 2015,0.23063735400000002
17580,Wed Feb 29 17:48:25 CST 2012,0.0958929314
323,Wed Aug 13 09:25:55 CDT 2014,0.2873175818
549,Tue Jan 27 18:32:24 CST 2015,0.7747477559
3448,Tue Mar 31 11:44:46 CDT 2009,0.0204595472
5720,Thu Aug 15 13:08:33 CDT 2013,0.8152813829000001
15316,Sat Aug 06 09:32:41 CDT 2011,0.2651289713
125644,Tue Sep 22 05:25:55 CDT 2015,0.2939572246
32096,Wed Dec 17 01:15:38 CST 2008,0.1813485879
43387,Mon Feb 15 07:19:20 CST 2016,0.9857695230000001
3530,Mon Nov 08 15:19:37 CST 2010,0.17667605590000002
2810,Thu Jul 02 16:18:56 CDT 2009,0.1726736782
11831,Sat Jan 30 15:33:21 CST 2010,0.48068200780000003
19059,Tue Jan 01 22:27:18 CST 2008,0.3804067269
5442,Fri Nov 30 00:39:40 CST 2012,0.6214520733000001
34966,Mon Aug 02 15:08:58 CDT 2010,0.2967200849
51096,Sun Jan 30 21:19:40 CST 2011,0.1528119276
21082,Tue Jan 07 10:07:14 CST 2014,0.7477396310000001
130633,Tue Jan 25 20:00:28 CST 2011,0.2935212721
5554,Wed Nov 07 19:37:49 CST 2012,0.1866959913
5807,Sun Aug 11 09:39:13 CDT 2013,0.8609333873
35052,Thu Dec 25 07:07:05 CST 2014,0.9767989853000001
58771,Tue Mar 29 08:43:57 CDT 2011,0.9853891775
975,Fri Feb 05 19:59:34 CST 2016,3.44816E-5
201242,Sat Mar 13 20:02:16 CST 2010,0.029629575300000002
134952,Thu Aug 04 15:13:52 CDT 2011,0.3654536493
46513,Mon May 13 22:48:59 CDT 2013,0.8857261961
29919,Mon Oct 08 02:08:38 CDT 2012,0.1768647221
46639,Sat Jul 04 14:16:15 CDT 2009,0.1044077726
7696,Wed Nov 16 11:38:23 CST 2016,0.0315012369
25701,Sun May 22 20:09:50 CDT 2016,0.5772587975
152651,Thu May 27 10:41:50 CDT 2010,0.29554453270000003
90146,Thu May 29 02:02:59 CDT 2008,0.1548789628
3748,Sat Jan 09 17:40:23 CST 2016,0.1327162663
14,Tue Mar 25 00:18:29 CDT 2014,0.8503147772
14760,Sun Jun 23 12:34:00 CDT 2013,0.46324210660000004
2409,Sat Dec 22 18:24:02 CST 2012,0.1200884572
762,Thu Jul 09 21:51:37 CDT 2015,0.2346293711
3101,Sat Dec 14 05:18:31 CST 2013,0.7081526332
604,Fri Jul 15 08:10:11 CDT 2011,0.2962550754
13898,Thu May 10 19:31:28 CDT 2007,0.48533140220000004
22238,Mon Aug 11 11:03:46 CDT 2008,0.5653644362
9547,Thu Dec 17 11:19:50 CST 2015,0.2622635245
28608,Mon Aug 22 06:54:14 CDT 2011,0.20910297290000002
1012,Wed Mar 02 01:04:23 CST 2011,0.4810163686
2963,Thu Jul 14 12:45:13 CDT 2016,0.4846291581
26469,Sun Jan 11 18:08:25 CST 2015,0.1702712791
167,Sun Nov 28 19:12:35 CST 2010,0.34219962
43413,Fri Dec 11 08:12:31 CST 2009,0.0112360794
30330,Mon Jul 05 11:28:50 CDT 2010,0.34469241910000004
1013,Wed Mar 02 01:04:23 CST 2011,0.7829353297
1513,Mon Mar 07 12:09:36 CST 2016,0.10601581310000001
57109,Tue Jul 05 16:42:06 CDT 2011,0.3723676394
7981,Fri Oct 23 15:09:32 CDT 2015,0.8272438529
1092,Sun Apr 19 15:38:12 CDT 2009,0.6353134001
19799,Wed Sep 09 19:22:53 CDT 2009,0.3521943006
140555,Wed Apr 29 06:57:04 CDT 2015,0.2618519676
24103,Thu Aug 18 12:00:20 CDT 2016,0.7369200753
43914,Mon Jun 06 11:03:01 CDT 2011,0.11252220680000001
12036,Sat Jun 27 16:41:50 CDT 2009,0.4074719363
36711,Tue Dec 30 17:18:04 CST 2014,0.9047970819000001
18424,Wed Mar 12 13:02:10 CDT 2014,0.7082685539
527,Sun Mar 01 07:37:15 CST 2015,0.48443116280000004
27012,Wed Jul 28 21:33:10 CDT 2010,0.7151262354